Yelp ID,Business name,Category,cluster
t_0nFc2QD_vlw-MYpKQG9A,WarPigs,Bars  Barbeque  Beer  Wine and Spirits,0
RWu431JRkV57wcHhB8aDcg,Paté Paté,Brasseries  Wine Bars,0
F3CDtajZHnDNTPFVxeB8hg,Madklubben Vesterbro,Scandinavian,2
9X8evo7osTgJrSbWcUj4Iw,Falernum,Tapas/Small Plates  Wine Bars,0
qG3nbT9OsbHfbIAxmyxgkg,Bodil et Spisested,Scandinavian,2
AVyQoQZPJvHcEmm1jpT2Yw,Chicky Grill,Danish,2
P6pt-cDH5gnNaKGaA4mm3g,KöD Vesterbro,Steakhouses,0
2nljRohmwgMSAK3DZJgbDQ,Kebabistan,Kebab,0
OqCKxabox2V4QOnsDz96tQ,Restaurant Beyzade,Halal  Turkish,2
ScHATAnPeqztKx_SgRzEuQ,Osteria 16,Italian,2
LCqH2Bp8ztUab25PebIm3Q,STUDIO,Scandinavian  Modern European  Japanese,2
ZlC10jcPNTBd8V0hJp3WTA,Ramen to Bíiru,Ramen,0
k1RXZBCXjmC1NNmyrNPptg,Cofoco,Modern European,2
XDzWxMtk5ijLrM3WSlYsCA,Malbeck,Wine Bars  Argentine  Beer  Wine and Spirits,0
-8SFaU76VMSZ4Wefxd2biA,Issa,Japanese,2
d1B16iz4Y30ywlfZCMk5QQ,[ba'sta'ds] - Bastards,Bars  Gastropubs,0
T3shDWbi_F_v4w2R3734Ng,Grød,Breakfast and Brunch,0
8N33CA_d7bOoWIjWBpFOmA,Fontana Di Trevi,Pizza,0
1I1CmrwVKd-nShQumDGUmA,Vinbaren Vesterbro Torv,Wine Bars  Tapas/Small Plates,0
4q79IjHziRh3_covXpAjUw,Ibu,Malaysian  Indonesian,2
IpLR4D03X1PcIATox384oA,John's Hotdog Deli,Hot Dogs,0
5cvm39902_hhUdSQQeMmPA,WEDOFOOD - Kødbyen,Salad  Vegetarian  Caterers,0
LlOGvq8ME_bziFUJcMKuLw,Grøften,Danish  Scandinavian  Beer Gardens,0
mOY-EFL-GDD7OuLSj84ruw,Halifax,Burgers,0
kAWO1joO0n9Yx920GqkTfw,Restaurant Tight,Danish  Scandinavian  Modern European,2
6jZuKParESrjASictp7t2g,Restaurant Fridas,Danish,2
X-R5bAQGSvNgsM24nfvVNA,Hallernes Smørrebrød,Breakfast and Brunch  Scandinavian  Open Sandwiches,0
VjI7QQVhpmtUf95tFwx3yQ,MASH Penthouse,Steakhouses  Burgers,0
HjG1KbnNXH6VAregjDdwOA,Je t'aime,French,2
0Xa2J8Dh0qw48URqe-sVyA,Cafe Dyrehaven,Bars  Breakfast and Brunch  Open Sandwiches,0
z0e0JL8EkkLUWxERYTiXow,Grillen Vesterbro,Burgers,0
U7CZ3o2hbn2cwoV6pk0CSg,Noodle House,Chinese,2
GwbF7jsjO1BzsNit7ifgYg,Café Royal,Scandinavian,2
jdVXlY3bD8LFp8QlW7wHww,Pony,Modern European  Scandinavian,2
RMSIajJMvhfIs5AJIIX2AQ,Magasasa Dim Sum & Cocktails,Cocktail Bars  Dim Sum,0
6i68LsbMZCcN_8WFLA7Qlg,Ristorante Buono,Italian,2
_OlJxoKsvEUrOjBVW4lqfQ,Nimb Terrasse,Scandinavian  French,2
-LxQ56ziISpAy6Snx7YZ3A,Reef N'Beef,Australian,2
Nm4Br4EUQZAXT_EvexR5JQ,Pizzeria Mamemi & Wine Bar,Pizza  Italian  Wine Bars,0
XPJUFw62-d3lqH7fNNki7g,Ristorante L'Appetito,Italian,2
BAx8K5uj-_1qv9Ka1raRiA,BOB - BioMio Organic Bistro,Modern European  Scandinavian  Organic Stores,0
Lq17O6C4UQBB4Noi42gBhg,Øl & Brød by Mikkeller,Restaurants,0
YdBKHVCOxDz_pC7UhDMHZg,Sticks 'n' Sushi,Sushi Bars  Japanese,0
xwqhZeJVA5oFPZ4_yc9glg,Pho Hanoi,Vietnamese,2
jeNR0xCt42G9OHToTiisTQ,Wok,Thai,2
-TnG72eT8zM3dY8Kio134A,Tapas Huset,Spanish  Tapas Bars  Wine Bars,0
jJoaGe7_iQeAopDjAIeEMg,NOSE2TAIL Madbodega,Modern European  Danish,2
V-4K9eMBxz62qoIQzRbagw,Baan Thai Isarn,Thai,2
iy4OrJexaV1PU2hrAWRonA,Nimb Bar'n'Grill,Steakhouses  Cocktail Bars,0
UT3Qj4C8rFS8qK2fZmdRMw,Spuntino,Italian,2
k2v5OE7siUCZq4SuBFDJYQ,Madglads Cafeteria,Cafeteria  Vegetarian  Caterers,0
h7XGZctXWRydpuBcCYH6-g,Rumbles,Burgers,0
HK0SOlqr-TDA3Eu2qZ8wRA,Frk. Barners Kælder,Danish,2
PuwX4xp15CZLislIflpJ1Q,Japansk Restaurant Sukiyaki,Japanese,2
nZsXFeMvLw5fRRCx0XIvAA,Karma Sushi,Sushi Bars  Japanese  Asian Fusion,0
Fi-PjfEHni_tS1O8cdPZsw,Jensens Bøfhus,Steakhouses,0
SRpjkfzZ9zsdaYa3Jf5tHw,Mother,Italian  Pizza  Breakfast and Brunch,0
HBrBZP3EDDjR5xSvvAvZKA,The Harbour,Restaurants,0
RuN5mpToZTtpnN60ENXZYA,Café Patina,Greek,2
oXMxaEak5xBZ_9l8Beg7yw,Pornsak,Thai,2
E2U5BXRTEJ8p6p83xDkQBA,Restaurant Gorilla,Italian  French,2
6AbjUvWcDX-wu_7jyAwhuA,Spisehuset,Scandinavian,2
PLeAFLzoq5JdY5D-IeX2cA,Itzi Pitzi Pizza,Pizza,0
9yU5C1-eJinzEdsA8g-XEw,Leo's Pizza,Pizza,0
VtBI8rNT8xfamFKpvm2r4w,Jolene Bar,Dance Clubs  Restaurants,0
6vf30L922zoPSOGILd7kKg,Thai Home Take Away,Thai,2
M77Zp0zQZrFIv7ILfOKDow,Sticks 'n' Sushi,Sushi Bars,0
CYGAwrOaS0-8idz24J8OAA,Jagger Fast Food,American  Burgers  Fast Food,0
C-YN61XazAU2KSyWAvZE2g,Frederik VI,Gastropubs  Pubs  Open Sandwiches,0
IIeOJQFvIatrp2-POVEKpA,Krøgers Have,Danish,2
mJoi9z_IUjkcM5AQftZR3g,Miga,Japanese  Korean,2
08IO91LhxWosl94XM9qJAw,Vesterbro Bryghus,Burgers  Brewpubs,0
QRTERmWzrM39IdzwasbpLQ,Carne Famo,Italian,2
1vp-75Ky5feOmFVO2etrnQ,Nimb Bar,Champagne Bars  Scandinavian  Breakfast and Brunch,0
SfgJUQkdVQTQoh54Xbem7w,Papa Ramen,Ramen  Soup,0
wawbC-_cUtlHUWQQL2atRQ,Boy's Shawarma & Kylling,Middle Eastern  Chicken Shop,0
9oc4qvMuoNIM14LM8XKbLg,Nicecream Copenhagen,Organic Stores  Vegan  Ice Cream and Frozen Yogurt,0
Cn1CN-m6TVDO6zn0rnG0Lg,Hija de Sanchez,Mexican  Fast Food,0
2xTCzUypNzs3j4zT-qFk1A,Husmann's Vinstue,Danish  Open Sandwiches,0
GnSL4u2SJFL_dwV1MPVFcA,Tivolihallen,Scandinavian,2
ibzuyz9Oo7JJtzwX4vX3Jw,Slice of San Francisco,Desserts  American  Mexican,0
oVm0eGsN2bCLIWSvp-Aleg,Scandic Copenhagen,Hotels  Scandinavian,2
TYCTIlkJ_bPFTJQW_o9Qtg,Hansens Gamle Familiehave,Scandinavian,2
ETqWLBffUYn6_8sLL7Lw7A,Restaurant Royal Garden,Dim Sum,0
qIiMq_2vrtpA_6ABFAL3jQ,Færgekroen Bryghus,Danish  Breweries,0
NsbGX5K0Xw1pV2-00L3fvA,Poulet,Salad  Chicken Shop,0
X7VnGhCxI4pIAVjqNyW7TA,Bento,Japanese,2
pe5FWVars1vxlBip14N25w,Tommi's Burger Joint,Burgers,0
r1zHu9qILM03inumhl_r9w,Sanchez,Mexican,2
6vmoOjHsxxT2VrsrarfFsQ,Al-Diwan,Pakistani  Indian  Halal,2
PE3v_Nt2omdkfjdwz7qiPQ,Hatoba,Japanese,2
t7r898m6zBYLK1_yUtzyRw,Vaffelbageriet,Desserts  Ice Cream and Frozen Yogurt  Waffles,0
RJfAtO6Upq0H8C7A1K-S9g,Il Buco,Italian,2
8F-kZJD0469Hb_rCMm3LRQ,Encke & Duers,Sandwiches  Vegetarian  Meat Shops,0
K_Rkq5YuKzTH2t5vMV-lmQ,Kanal Caféen,Open Sandwiches  Danish,0
0gInoPNojP0tj5QZ-Xy4CA,Fu Hao,Dim Sum  Asian Fusion,2
jhCfpjsM3uqJAJkYaSRbdQ,Made In Italy,Pizza  Italian,0
FH5jNuLDx4n0IxEIkR-wdg,La Galette,Creperies  French,2
OpEXzkZ9-mEnvujwXtUCUg,Hot Pot Republic,Chinese  Pan Asian,2
iJB11vo9oN6HuZ-qpxKseQ,Oscar Bar Cafe,Gay Bars  Danish  Party and Event Planning,0
qAk2DMJgnQkubc76kupVIg,LêLê Street Kitchen Vesterbro,Vietnamese  Food Delivery Services,0
BizDrQ47YKN9_ZmcMHVG_w,Il Grappolo Blu,Italian,2
ah8-o7ePvYlDGq6swW9LPw,Johns Hotdog Deli,Hot Dogs,0
sToVJMxsbFGd_Rp9ITtBNA,Fredco's Deli,Salad  Sandwiches,0
-XBzl8A6j31bUfj0Thes9Q,Café Trold,Breakfast and Brunch  Bars  Danish,0
Ql6OilkTKwjrtzDgSPfAJg,PUBLIC - The Italian Social Dining Bar,Italian,2
bHSgWYf8tFLnP_z1pBfknQ,La Mensa Di Benito,Food  Pizza,0
L81UmGObLGrwNOx8jIzwLA,Lundgren V.I.P.,Beer  Wine and Spirits  Tapas/Small Plates  Delis,0
cpSY6riPU6ev7cQhGI-EHQ,Cocks & Cows,Burgers,0
bKAJ1aOCA6AJTrZUb8l6Yg,Pho Saigon,Vietnamese,2
DBDMpjrIM32ouTobKL3RNw,Da Salvo,Pizza  Italian,0
10P1VnQlyxFY8sKCR5x_eA,Floras Steakhouse,Steakhouses,0
6-M4t5b-HlxQkZyeNRqimA,Gasoline Grill,Burgers  Fast Food,0
u1i1EJbonoTQD0FsqOgH9w,Les Trois Cochons,French,2
4My2yhGh8kIuMIiV23l7nA,Sticks'n'Sushi,Sushi Bars  Lounges  Cocktail Bars,0
ILSKTOnVyJkZ37g3Rh3jlw,Thai Corner,Thai,2
OlyZUbwTZ2SGKPinEh7efQ,Restaurant Flammen,Salad  Buffets  Barbeque,0
-hgFcHfSe56HSll2kyS_ug,La Fiesta Mexicana,Mexican,2
lgodTpuCucirKKpFpsg2YA,Kiin Kiin Tok Tok,Thai,2
7J6CZJX-xabrytCgF7P-Zw,Restaurant Sultan,Restaurants,0
kJtIGAoNJ6yuaNE5Er16dg,Birthes Smørrebrød,Open Sandwiches,0
Kz617M-ghSoGC9KDSLxEQA,The American Pie Company,American  Desserts,3
yHCImZFK75Pbsksq2JuUTg,Isted Grill,Fast Food  Imported Food,0
HlncUJWMRsHZq6dA-Xrdzw,Københavner Cafeen,Bars  Danish  Open Sandwiches,0
A22O6Xd9AKT49UvxvA-9wg,Bryggeriet Apollo,Restaurants  Beer  Wine and Spirits  Breweries,0
RX-N1kSl2JN9XVGB9LrcvA,The Silo,Cocktail Bars  Bistros,0
FZYTd9p8OVmNX4-RkKk-EA,Østerbro Madhus,Restaurants,0
e_rAIXOi59j1XgHxbtKrpw,Sushi Anaba,Sushi Bars  Japanese,0
AX_zR1XaELPhj7P0YLa_Wg,Buvette Nordhavn,French  Wine Bars,0
CIgTdIjsXaiC1FVtPVLTCA,Co-ma,Italian  French  Cocktail Bars,0
gPIDM2H6y_eSly3vc5jIYQ,Restaurant Taormina,Italian,2
Xu3gMeCBuvQj8ytU6A71BA,Reffen Skøjteøen - Copenhagen Street Food,Public Markets  Food Stands,0
MQNELlGuUPqxxLux3JHbmg,Cap Horn,Scandinavian,2
n1SK8zMzbGrwrWLKKCanFw,Det Simrer,Breakfast and Brunch  Danish,0
1v5HhnqcOQ_6mnqTY5gP0w,Toldboden,Breakfast and Brunch  Fish and Chips  Cocktail Bars,0
dYjsMKzXYPx8C0sXOjI_cg,2fresh,Sandwiches  Bagels  Juice Bars and Smoothies,0
PvSXC4ff8qkMH7-ss7flTw,The Union Kitchen,Breakfast and Brunch  Cocktail Bars  Modern European,0
C061Z9JMNtHuivJi3EMfGA,Frihavn Pizzaria,Pizza,0
CpP26NoqAePCd5A4ZBX6ig,Restaurant Vietnam,Vietnamese,2
ki-5x0hQ73QKWaDIgqJXvQ,Brasserie Barner,French  Brasseries,0
7aAvVtbCmt4IdLvEtmTNZQ,Nordisk Falafel,Falafel  Vegan  Vegetarian,0
oE2LbMCk_JRGAstqtmapSw,Pizza D'Italia,Pizza  Italian  Sandwiches,0
pjfPRpyaHm7nwloRDejrjA,The Vietnamese,Vietnamese,2
CD-0ZTk98D27gEJ8XHkl8A,Alchemist,Restaurants,0
mMDq90p0RUytcmrlrPDzoQ,Cafe Oscar,Open Sandwiches  Breakfast and Brunch,0
JI0zGTU1mrWStWATzGuqTw,Østerbros Originale Burgerrestaurant,Burgers,0
jjmQEZpFcChy_L7lXFhCng,Yuca Taco,Mexican  Food Trucks,0
rCh0EfG9C1n6aWOqG1fwoQ,Iki Sushi,Sushi Bars  Japanese,0
2di_YHxnj8i68jG1O1t4pA,Izumi Østerbro,Sushi Bars,0
i45KynHOMWXBJtevd2_F-Q,The Pescatarian,Seafood  Danish  Scandinavian,2
JS1H2-_yTIsGV6bAmSzLkg,Hachi Sushi,Sushi Bars  Japanese,0
2qYBnWxPd-26kg1RiayooA,Noma,Modern European  Danish  Scandinavian,2
b2amu72HeR0HFzvn1KxLJg,SALT Bar & Restaurant,Modern European  Bars  Scandinavian,0
7F1957mvoWoYrMyvPyJ6Hg,The Taco Shop 2,Mexican,2
l5ylSmPAOK6gFXNQVCVoZg,Hummer,Seafood,0
EPFMU8Sz1lDqwbDpucLyYw,Oranje,Bistros,0
iLVnegujv80sLbtIPF4V6w,Restaurant Marv og Ben,Scandinavian,2
Nx45B9EnDsAgtZi-t8JZQA,OTTO,Modern European,2
pFvI3g1696qTnfRURM2KYg,The Red Box,French  Asian Fusion,2
tP1EcpiJaiwAmKsh53I1pg,Famo Metro,Italian,2
Rwf-04v-R8Y3QHpmjGX99g,Sticks'n'Sushi,Sushi Bars  Cocktail Bars,0
uFX3W-60kFl3Bjlr-5XneA,Venezia,Italian,2
2UYHNOfah_bu7SyuMSsPlw,Kebabistan,Kebab  Pizza  Imported Food,0
ueg4UPGLIQXjPeJL_2VDcw,Marchal,Scandinavian  French,2
pV2FbfM8szaUWKlEzv3lTQ,Mo's Pizza,Italian  Pizza,0
YINogRFgK-KyazW8dGANSg,Palæ Bar,Dive Bars  Restaurants,0
6POs0yPjaYaogWjm18rGPQ,Sam's Pizza,Pizza,0
sMNs5QThzwxpRADLrqrXJg,Il Gusto Giusto,Italian  Pizza,0
PAcgJp-snmbNFOpRMZaJcg,Restaurant Paustian,Restaurants,0
9jP_S4A4PBvevdrZUaFJRQ,Ravage,French  Bistros,0
AYqdfMYHJOBzHNeYiA5BbQ,Khun Juk Oriental,Thai,2
vjkBt6FmMrUroSPEP4xs0w,Restaurant Koefoed,Danish,2
gDDBcd3CEVdp5_AyDT05mQ,Bar'vin,Tapas/Small Plates  Brasseries  Wine Bars,0
tCF2CAnypL9EjEeadxOqFg,Iki Sushi,Japanese  Sushi Bars,0
1yZqy0O5C3d-n4OhX0DBDQ,Nærvær,Restaurants  Wine Bars,0
fuip3TOordirBcsqcqaOkQ,Gasoline Grill,Burgers,0
YKI-nG39bI1Jb0_wJR9Euw,Thai Curry,Thai  Wok,2
T8u5Ze-KcXts6sl9xP-_dw,Amalie,Danish,2
xj1cgF8xUqEn3MSB96HrJA,Hafnia Bar,Salad  Vegetarian  Vegan,0
LkBEFkFAgzcwjyHnObh_Vg,Alouette,Restaurants,0
hYWTEuRIVosWlKCt2Gm71w,Restaurant Ida Davidsen,Scandinavian,2
EjoU5v0xKwElLUu7L8rYxg,Zio&Nonna,Italian  Pizza,0
pBmBHI_wuoxSj446bCOGLA,Hyttefadet,Modern European,2
4wlCf4vtIkZKiVwBml-3Ew,Cafe Sundet,Restaurants,0
G9Y9Vs2LDTkWlLDn25zHpA,Crazy Chicken,Danish  Fast Food,0
haU818Cq7NW8vaP1wW79Mg,Christianshavns Færgecafé,Open Sandwiches  Danish  Brasseries,0
v_ONL4ewpRl92C8VsL35EQ,DØP,Hot Dogs  Organic Stores,0
yclt1P8Px0Hn9-zgmLs7fg,Restaurant Biom,Organic Stores  Breakfast and Brunch  Scandinavian,0
p3WN7WTe0OcH13qurPFLeA,Maven restaurant & vinbar,Danish  Wine Bars,0
kfll5bnCbMrJB31ODtuspA,Papadum,Indian,2
dhARyK1iDpE5hz2sPn-fgw,Illum Rooftop,Restaurants,0
BXAXgVKEIEwwpbHwbwZucg,Amass Restaurant,Scandinavian  Modern European,2
TTmDYkjQGRAnD1gtduj_ug,Restaurant Palægade,Open Sandwiches,0
NIgIv8hUDLAJPA1YGmXiig,Retour Steak,Steakhouses  Beer  Wine and Spirits  Cocktail Bars,0
TWHzNyrOjZdqmZnR3gNXng,Restaurant Vita,Scandinavian,2
nTAF5Syge1k3aCngakeRxQ,Pizzeria Cavallino,Italian  Pizza  Sandwiches,0
tbjZvFHGXoRfK-cdA7zXbQ,Quattro Fontane 4,Specialty Food  Delis,0
qLikhypg5flNOxsaVblZsg,Holberg no. 19,Sandwiches  Mediterranean,0
T7cnA63aujMdfjRCHkgqTA,The Shrimp,Modern European,2
uxJ4GDZx9s4aQ0EgxHefPQ,Restaurant Sejlklubben Frem,Danish,2
CEm48sIr-PJNrw4sKsKejA,Veggie Heroes,Chinese  Vegan  Vegetarian,0
BEU6KgxOfFlEoQNcA437Dw,Sporvejen,Burgers  Themed Cafes,1
uRCvUWDGqkKn7R7cXVpQ0w,Bistro 23,Seafood  French  Bistros,0
S7UIuIh9mXCejML1EtWfpg,Halifax,Burgers,0
o5mJ-jjGnXXbVL2xgOc5-A,La Tradizionale,Pizza  Italian  Sandwiches,0
UO4Hb7sYINKU3jTDotpkFg,Frederiks Have Restaurant,Modern European,2
I4msAYlj82WFU_5qxMW6lQ,Bartof Cafe,Bars  Jazz and Blues  Restaurants,0
-iaDPugtxB0dd3cmPDY_fg,Mêlée,Wine Bars  French  Brasseries,0
bMD38zQtzZQ4KQRA8rskKg,GRØD,Breakfast and Brunch  Scandinavian,0
FIjjaxW4OU1I1L6MGW0eUw,Restaurant Da Claudio,Italian,2
ShnRRch4sashDtu4Vsfz3Q,Deligreco,Delicatessen  Greek,2
k6Tzvte26r_CTXovaYOoHg,Mielcke & Hurtigkarl,Modern European,2
D2bL3V9dUwJrysrEV4slkg,Bangkok,Thai,2
qr2sZCgVv7aRbJaCxuJeCg,Falcon Kebab Shop,Kebab  Falafel,0
mV_kF7m6GcIhU-SiyIUF6Q,formel B,Modern European  Scandinavian,2
ipg634saX2cEDxmMHFWEVg,Bjørnekælderen,Scandinavian  Open Sandwiches,0
fUrdQnkfwdHwNHxJRWDpVw,Pause,Breakfast and Brunch  Gluten-Free  Italian,0
t3j1A8YPW9Xx3I5jah0rWQ,Restaurant India,Indian,2
CkMqUfNDQqcx_8QdOpYE-g,WEDOFOOD - Frederiksberg,Food  Salad,0
HSNS-TjYC0Q76YQ9VCD2Hg,MG Petersens familiehave,Danish,2
PsJn1XSuyd4JjLGWdOMBuw,Acacia,Patisserie/Cake Shop  Vegan  Breakfast and Brunch,0
LdLojsOFwjKMgQsEMnQENw,Mæsk,Food  Restaurants,0
kipfBB2A5tbMXAfIUhT2uQ,Sale e Pepe,Italian,2
h-5YvgKOLsfU-ig_Ri0LRQ,Wagamama,Japanese,2
q609IE6zRY1Ex3ojz-twOQ,Sticks 'n' Sushi,Sushi Bars,0
wGmkCfUMgFTfXnJley0LHw,Satang Thai Bistro,Thai,2
LJ737M6RcHYtks4SBIWUxQ,Da Cavallino pizzeria,Pizza,0
gHjKigZKATuUXHLVJJ3rJg,Fitnesso,Restaurants  Juice Bars and Smoothies,0
RKraihLrhCjO8UbDIAtUwA,Restaurant Radio,Scandinavian,2
2c-k2ezELjj2DtuIPGfS9A,Børma Bar,Dive Bars  Restaurants,0
nRkVwUnSlK0aAF7yGCRpww,Omakase,Sushi Bars  Japanese,0
4wPlKZzaZCh_H6O4Xr_98w,Wokshop,Thai  Wok,2
C2_OEW8YKQpdF556Wcvwxg,Sushi Factory,Sushi Bars,0
yJM7lY89ynHrq64VB2ZkYA,Cafe on the Six,Breakfast and Brunch  Sandwiches,0
cFOZOaswxXBs5yMqU6YBNw,The secret Mad&Vin Frederiksberg,Beer  Wine and Spirits  Modern European,0
nusfgwfAmV1g8JamlkKOqA,La Vecchia,Italian,2
5dX-hp32AThuu2upsSH2aQ,Min Thai Takeaway,Thai,2
j7Ba6XFJn3TtaUjIwCBQpQ,D'Taste,Vietnamese  Chinese,2
X-R60RhXSX6BDVKIeGlaww,Bodrum Pizzeria,Burgers  Fast Food  Pizza,0
1gyawNJOcGNvJQrmmYMnWA,Mors Køkken,Barbeque  Scandinavian  Steakhouses,0
aAdoFSaZlK8tbOSPx7Ozyw,Café Moccador,Restaurants,0
Anw0NqXKkHc2cP2bRtP6GA,Gastro Commercial Pizzaria,Italian  Pizza,0
GHbXLKwL92PvRao7L0gMJQ,The Bronx Burger Bar,Burgers,0
SgsFk1qAC_LnvorSDOqV-w,Pizzicato,Italian,2
oPQb2vcd_yFMe_sgDt7bhQ,Pizzeria Pescara,Italian  Pizza  Sandwiches,0
yGew4kSxi-tRVvnrXAupkQ,Seoul Koreansk BBQ,Korean  Buffets,0
m9jYjb6txSJ0-jnA7Awgkw,Sans Souci,French  Danish,2
LIt2Uuk4YqqPnMKiyL7PJA,The Sandwich,Sandwiches,0
8cwRfLT0ekeRophK9CydYw,Pizzeria Ciao Ciao,Pizza,0
NUb7WgJW_1bZXfvgBm2GpA,Restaurant Kadeau,Danish  Scandinavian,2
h3u5IdngWQtdo4EmQiHJLQ,LETZ SUSHI,Japanese  Sushi Bars,0
cQc21K032hrdwXoKZR5NGA,Mangia,Italian,2
OsB7WTFM3xWs_EA1GOTeHQ,Viben Fiskehus,Seafood Markets  Seafood,0
riXaqS0MaqD7s29TyFW85w,Ancestrale,Restaurants  Wine Bars,0
ClBeeqgCD3fbTclvN5b3OQ,Lones Pølser,Fast Food  Hot Dogs,0
OQ0qfZLuSvOsnOweOndGLQ,Restaurant Tokyo,Japanese  Specialty Food,0
Uns8cIbuWN4C1ZK_vjrWbQ,DØP,Organic Stores  Hot Dogs,0
Xoq_CdD8gQfBfT3D9BWa2g,Ristorante Italiano,Italian,2
hd2e7twKTCcC2wci5SBCgg,Sticks'n'Sushi,Sushi Bars  Japanese,0
FoJ8od2HPth7StHheI6KBQ,Thirion,Belgian  Specialty Food  Beer  Wine and Spirits,0
QjL97NOjhTGJSEWOrInx_Q,Restaurant Sundby Sejl,Danish,2
JEpoayQVKzku2783KEvmhg,WOK,Thai,2
4hMUT0QpONNDOl5oZBfErg,Ravelinen,Scandinavian  Landmarks and Historical Buildings  Danish,2
d3rY1WF-f8iG5n4sPSXY1Q,Era Ora,Italian,2
3cLGF7IxosZqsAGQCWB5VQ,Sankt Annæ 8,Tapas/Small Plates  Wine Bars,0
F0sNs8EDtlFzsG8KuC1vAA,Morgenstedet,Vegetarian  Organic Stores,0
WWJHA8lUxOyVcU4m1DWD9A,Foodie,Salad  Vegetarian  Sandwiches,0
jP76S8wDqTHn3_V0pAy8JQ,Almanak,Danish,2
yXY0EaxzpgTKAdrvprrZOg,Den Lille Fede,Modern European,2
qcRM9fAO8xKTR4rnCseu8Q,Nebbiolo Winebar,Wine Bars  Italian  Specialty Food,0
PCr7aIoYEPaXSB3xbBc5sg,Told og Snaps,Open Sandwiches  Danish,0
9a4oOq1hwyKFTDk3U83HHA,no. 2,Scandinavian,2
-MccMTtHoKymY_Oc4r8V7A,Restaurant AOC,Danish  Scandinavian,2
gGPVNAVIY04-YczfEwqueA,Restaurant Kanalen,Scandinavian  Modern European,2
jmVgciY1U5jVdOLGnbodkQ,Madeinitaly,Pizza  Italian  Vegetarian,0
S6yr_0zdsRqHqgqXGgTsPg,Restaurant Menuen,Restaurants,0
Vb0GkjyyzrAz0_WHDo5iTg,Diamond Rice,Dim Sum,0
864VZGzjhzBfou0mDVavYA,Kong Hans Kælder,Scandinavian  French,2
OxPp1KJrMW7lxL3179VWKA,Hos Nicola,Pizza,0
AWY_qYNqCVPjN91EKFknqw,Møller Snaps & Smørrebrød,Open Sandwiches  Danish,0
6punqTilYnTJXWMcdiUfLQ,Grillen Christianshavn,Burgers,0
-CCXF5zQN18J-Gnt6WkqkQ,Søren K,Scandinavian  Modern European,2
-kR4aAEdzHSowdwDkTETtg,Ché Fè,Italian  Organic Stores,0
09ACWaLXD6waTwWowN2wHg,Hot Buns,Burgers,0
Q8Ng2haViAwnEsWnX0cH-w,PS Bar & Grill,Modern European  Cocktail Bars,0
tZdjg9UqkfQGWzVWEBg94Q,Sahil Restaurant,Indian  Caterers,0
1y71O0ZlrdlQ-N_C4jviDA,Llama,Cocktail Bars  Mexican  Latin American,0
uYHpHZ7uIJOiKywZhReA-g,MASH,Steakhouses,0
EeCr78G33NPDFOiR3S_qow,Heering,Danish  Bistros,0
GyIp_1i8AmZN_D3fptjUXA,Grab'n Go Burgers,Burgers  New American,0
fLYDXRAb7uSFMYkp3lQkkw,Big Apple,Sandwiches  Juice Bars and Smoothies,0
xdgshmjBc_ZaWQrxAu_e-Q,Aristo,Bistros,0
MZOB0Gq_bQ4NbvOA-SoRLA,Restaurant Le Pavé,French,2
3t8lgl1sVk_MPWMg-l4JEw,Halifax,Burgers,0
ZGriBfqcXX7Go4k3SIT9rg,Fishmarket,Seafood  French,0
oviChAHJzcrKyzhI3UVy8Q,Maio Restaurant,Italian,2
kJvw7QsbfSmqVH0OmoZv_w,Restaurant Havfruen,Seafood,0
sgE0K7RxRMMafRk133nQKw,Fredco's Deli,Vegetarian  Sandwiches  Juice Bars and Smoothies,0
VFWJjN9afXxbPz0HwfS3jA,Restaurant Zeleste,Danish,2
zgJQJd9Tdbdj9WxtWcHuaA,Bøf & Ost,French  Seafood,0
Pygcn947s_EcL8BI0Vf_7g,Khmer Cuisine,Pan Asian,2
B3nEhdBMBre0JrxgwsQoew,Boulevarden,Gastropubs,0
xhGal7ajQuaD4xegQzCHgQ,Bistro Royal - Madklubben,American  Barbeque  French,0
kxEWRnQ1HmWxWaYmB3ezCw,Restaurant Kronborg,Open Sandwiches  Danish  Scandinavian,0
z4dOw6rSvLDJouK4W_-ZKg,Nyhavn Pizzeria,Pizza,0
4MqeD-NYwqiPlemQAfTKlw,Spiseloppen Christiania,Modern European  Bars,0
MlfTU_tKZAMW_4Q98onHfQ,Brass,Vegetarian  Gluten-Free,0
UGtlz82NpJ-McYejVV3Xhw,Rufino Osteria,Italian,2
SG3XCRMwjJ3AaZdNEVu_vg,Nyhavn 37,Scandinavian,2
hUx0eABwXObSOtF7kNBcFA,Palægade Smørrebrød,Open Sandwiches  Food Stands,0
jTgbZdazTRdRFzKTxHpr_A,The Organic Boho,Organic Stores  Vegan,0
Sx6_cH2al9fis3mEPAW8Lg,Gasoline Grill,Fast Food  Burgers  Barbeque,0
J5soC8fVmLpPpxOEPxdVFg,Tony's,Italian,2
T1LYrmAI8pL1p-18AJxdAQ,Garbanzo,Mediterranean  Vegetarian  Vegan,0
45OXq0Rb7Tf2cdnDKiH4lg,Kejser Sausage,Hot Dogs  Food Stands,0
tWRiJkmmNa84ECnaE4dmmA,Toldbod Bodega,Pubs  Danish  Open Sandwiches,0
WEEhKMbLXwddXvanLYg3hA,Restaurant Sankt Annæ,Restaurants,0
-AfNFtrGWOGen0BY2jFvsA,Karma Sushi,Sushi Bars  Asian Fusion,0
sRxvDAr1OVHsp0JINby5AQ,Nyhavnskroen,Open Sandwiches  Danish,0
-_2BHrs8aDrdTRm_93rbcA,Pølsekompagniet,Hot Dogs,0
xE9ZU7NsmHQcwQdGK5QRTA,Cantina,Italian,2
Nm-r-s2KFGVvdSNX9AcsjA,Granberg Brasserie,Brasseries  French,2
7DrDAPL7A6srRyYTPM48Xw,Kontikibar & Restaurant Færgen Ellen,Restaurants,0
XCmN9AbDx88o3Lfoeq8ozQ,Bulko,Food Trucks  Korean  Asian Fusion,0
-Gv0BG1QLe66OI9gkjzo8Q,Palæo,Juice Bars and Smoothies  Gluten-Free  Salad,0
qsaBLvdVoseGKbMn2g8LAw,FAR's dreng,Wine Bars  Breakfast and Brunch  Danish,0
1unSmVnObtLN86mXrJkPig,Hatoba Sushi,Sushi Bars,0
G2yAyiQp4RTyI12aHdTGLQ,Johns Hotdog Deli,Hot Dogs  Street Vendors,0
JtQl_OreAqYuajx2KIZDEQ,The Black Cock,Food Trucks  Burgers,0
bgBzrM4eSnuklJ-vio5nuA,Fuego,Argentine  Lounges,0
ZfjDmUYtoi4-FiAI3zut5w,Nyhavns Færgekro,Danish  Open Sandwiches  Seafood,0
EhMg9Abery3Qz_p3p4mfow,La Fattoria,Food Stands,0
dBqkon_hssUWNSkyPsEzIw,Oink Oink,Sandwiches  Fast Food  Food Stands,0
P6TcyJY-Ipod_cp-GKQwfw,Bridge Street Kitchen,Food Stands  Fast Food,0
RBOu0yXoUa5FzKARQu0eAA,Boathouse,Brasseries,0
c-p7iHc94qJhbql6LLJKPg,Sanders Kitchen,Restaurants  Bars,0
XkACdvsX588oyiuFo-SsUA,Latienda,Food Trucks  Latin American  Vegetarian,0
aMYWFgwV3Q-seCmKIiyAAA,Restaurant Det Lille Apotek,Open Sandwiches,0
xYBWuHuof8vtUKACFKqhpg,Lagano,Italian  Food  Pizza,0
hWASG3_vTmx1wYhyuavhhQ,Mælk & Honning,Themed Cafes,1
2JF0D08KR9VQRtKY8EC2Lg,Halifax,Burgers,0
C6YgtsXUiGgSgCwBowY5Dg,Bone's,American  Burgers  Barbeque,0
pVywLmSUElYzUeDBurwnxw,French Chicken,Pizza  Sandwiches,0
Q_1VCeuppvRPfNgDZQGF0Q,Toftegård Smørrebrød,Open Sandwiches  Danish,0
Ec42Vd63k2gFO2Cvw8ngpA,Den Persiske Restaurant,Restaurants,0
ZcH6ymEAAttjftlq0y-4mg,Sushi2500,Sushi Bars,0
v07LzE6FG3gf8-HH2-SBGA,Royal Sandwich,Sandwiches,0
811nkEKnltFSC-EPNqKLBw,Buffalo Pizza,Pizza  Italian,0
uvgrir-4PdYWWWMjUzKqgw,Thai Wok,Thai  Wok,2
KksMwlaB8n920PKK0rct1g,La Stella,Fast Food  Pizza,0
jUlEOr4a3O9zx-9qzemx_A,Sticks 'n' Sushi,Sushi Bars,0
EbOnv95-7Bt82HDGqRgyfA,Encke & Duers,Food  Sandwiches,0
2n0LW8Ta2jgYB5NvQk7rdw,Valby Grønne Køkken,Restaurants,0
aST3LQR8TuSfdebnE3imhQ,Ny Ellebjerg Stations Kebab,Kebab,0
YmsBxril_Hx1S0TAC8J3-w,Yousef's Spisested,Fast Food  Pizza  Kebab,0
5ufqF3aQzOwRXnjF7NMFlA,Rumbles,Burgers,0
cn6R7jgjBRzMWEeakxk7Gg,Pizzeria Cavallino,Pizza  Italian,0
wpvmgEFkF3HwdCuo0jhKMA,Burger King,Burgers  Fast Food,0
IzsXdNIxtogi4eSmK0l6VQ,Banens Pizza,Pizza  Middle Eastern,0
60blYrVWTsx3PW5QCXUzJg,Dilans Pizzaria og Burgerhouse,Pizza,0
xHThmi4POD0zTB-ik8N4og,Que Pasa,Mexican,2
UIrMj583BAQDR6DxOIIVdA,Sushi Stop,Sushi Bars  Japanese  Chinese,0
uEUP01LstVgUPBJ569gKow,VACA Mexican Finger Food,Mexican,2
dVnBGW6aEbqiNB-MJoh-QA,Ocak Café,Mediterranean  Fast Food  Sandwiches,0
J9GdkoIb2tJMrMgM3wguUA,Jinan Pizza,Pizza  Sandwiches,0
uZuiZiOfW8xB8NR8fVRfcA,Tandoori Dehra,Indian  Pakistani,2
rgx8MaNirk4gXcTIJYZ5Yw,Wabiwabi,Japanese,2
KSoUxoRYRQl3g2ui2JKoBA,Antico Forno A Legna,Restaurants,0
_olXSDLDbjrmoh8oQfWd0A,UMI,Sushi Bars,0
KoFPc_gf2AUaqx5PnJyN3w,Burger Garage,Burgers,0
ng7TPmNouBWvDyMlFclOVw,Teppan House,Japanese  Asian Fusion,2
jwXoWSMfL839V9bBnhQGnw,Sandwich X,Sandwiches,0
Tqxn3G4BjjWW8KkjznZt3w,Mae Pen,Thai,2
s6RGwbKE6yZhbi4L0dVeCw,Chaophraya,Thai,2
kTWN9AYe2a0s3TP4oEF8tw,Den Gyldne Okse,Danish,2
QJi8VGsEI7NR-KiwVJxIcA,Pomodoro & Mozzarella,Food  Italian  Pizza,0
PjLv4lDNvvOuJIxx7068gg,Marco's pizza bar,Pizza,0
qfDZRrLdRwR_dKETRntHew,Hos Trine og Christian,Restaurants,0
h735_Vv2QVwMEmnml0L1pg,Zeybek Pizza,Pizza,0
83bPuhfqCUrHlsJCeKsJNA,Café A,American  Breakfast and Brunch,0
B1lJM9ZvxbMrA1MuiQa6PQ,La Buca,Italian,2
uRuzqfxaLx6sF2nYgIujQw,Sallingvej Selskabslokaler,Restaurants,0
olKVn55kxtU0oB2kc7gSBQ,Letz Sushi,Sushi Bars,0
JoBZBvqEpO9YgiZoT3eLwQ,Oki Sushi,Sushi Bars  Japanese,0
DO5P6-MvLb0pRNX4D4zw3A,Famosi E Golosi,Italian,2
V2L2O1gxM7XHfry7koJYCQ,Ristorante & Pizzeria DUEMILA,Italian  Pizza,0
jFCUweRGD52NxgCT4rKPXw,Chai Wong,Thai,2
L0QhVI-Z6vpC1bc7ZC5buw,Madhus 24,Danish,2
iJlVNkvGNEtCMGZZfipiwg,Restaurant Lazio,Restaurants,0
-8UF14UutougxfZ5LP65qA,Mit Lille Køkken,Open Sandwiches  Danish,0
MA42QTrccHqpeVBFb3Kc3A,Safir Kebab,Barbeque  Middle Eastern  Turkish,0
Cv3eiXerzysKQ69IdBj5Tw,Grillen Nørrebro,Burgers  Fast Food,0
iQag_gtRHWxxrdGtVNMvMA,Oyami Nudler & Sushi,Asian Fusion,2
Ek_i05hGiph7cvS0Al5NUQ,Cafe Phønix,Breakfast and Brunch  Burgers,0
0c_yHY2Kyp1PmnehzLjoHA,Royal Agra Palace,Indian,2
exkSwt6KouVKzY1JIbId1Q,Ristorante La Rosa,Italian,2
43S_yfTXFOpzNAdnjvuwPw,Gastronomia Italiana,Pizza  Italian,0
894bElthXCd_-FGOsmSVAA,Chicken and bagels,Salad  Sandwiches  Bagels,0
tAOGsqZHEBJvqFq9B1VqgQ,Phenix 2,Restaurants,0
dhPF5yNhHrE28y2oD22Hew,Jasmin Rice,Thai,2
cPQvasGlgq2AJjloQ0aFNQ,Tribeca NV,American  Italian,2
2adHsHuaIgBHOykviVh9Rw,Husum Kebab,Kebab,0
MU7k0r3_KzaNXGcB__vDAw,Café Ramz,Themed Cafes,1
uiwMK3mdnK00qHFrHP7-WA,Spigadoro Italiano,Restaurants,0
M5RvN055JhW_4ELhldngEw,Viet Thai,Vietnamese  Thai,2
Zvd1cRKkQ6-xnYcVp0I_Eg,Yaya Sushi,Restaurants,0
Ba0E1Tj1PayDUYpESWk7QQ,Chicken And Bagels,Restaurants,0
xWjDdF-PoefEyF0BCSDRog,BISTA Breakfast & Crepes,Breakfast and Brunch  Creperies,0
mKwcH5hIBN1qJivmCSLIdg,Dhaba,Indian  Asian Fusion,2
PG2IDoXgttG2xukrxeFbxw,Indian Flavours,Indian,2
j713xnnZG9zwhYgMk_htyg,Trattoria Campo De Fiori,Italian,2
qqNrpSTHb9sjs83R68OUEA,Cowboy Burger,American  Burgers,0
3y8Gq_RYGDtUwqUXw3ddUQ,Temporada Tapas & Vinbar,Tapas Bars  Tapas/Small Plates  Wine Bars,0
v6xhioS_eR-IrmUGHL2wpw,Leifs Pizzeria,Pizza  Fast Food,0
vndhtVyZKkBG5FQmnfGh_A,"Nuova Italia Pizzeria, Cafe og Restaurant",Restaurants,0
jSaTYh99gGTq4VntQBcDlQ,Gastronomia Italiana,Pizza  Italian,0
PvaYoEsxKhqCZhDIZVTpxQ,Fabios Delikatesse,Pizza,0
Jvv98JuqD0cUOWkmHyP0Jg,Kiwi's,Thai,2
zUfRhcWLuOOHrCIR8KWIRA,Spiseriet,Danish,2
fh9YwLpVmQfnCq1F9e-o8A,New Delhi,Indian,2
CpjzgmS6-w8jFKN5-9G3dw,Restaurant Mosehuset,Restaurants,0
mtkYKwvHa5zgS7Y_d6aE3A,Katsura Sushi,Sushi Bars  Japanese,0
lMXZ9CRmsOwCgEgzfx33MA,Roma Pizza 2200,Open Sandwiches  Pizza,0
X0ws5pj7EJ7dhEIIYZzfCQ,Di Minutte,Italian,2
WED9eZXhE1yBLpuw4KoIvA,Brasseriet København,Restaurants,0
4i_gtFCZ-8yzUR-u7vRx5Q,Gastronomi Expressen,Restaurants,0
8csq7T8XSqFlw3K8jteKAw,Casa Tua Pizzeria,Pizza,0
4ylWc4Nt4QNf4UP6bc8Z-g,GRILLBØFFEN,Burgers,0
2jsGHxNgrczqCirB3prVWw,Pandekagehuset Nørrebro,Creperies,0
Il2RSpUW7nN6_Xl4HjQAWA,Restaurant Bellahøj,Restaurants,0
Xuag_WbR7oYBxVbboL-wpA,Armando's Cafe Pizza Bar,Pizza,0
_86JO1NxNTMwsvS1r564ag,Massive Catering Company,Restaurants,0
Bl85vNgUoMfWfjxS5xOQ0g,Veji,Vegan  Vegetarian,0
YDGp0cbLEfauqk5FWEKXnQ,Lago Di Garda,Pizza  Italian,0
7zqMfjuWYsNCr50vfrPp4A,Sushi Time,Japanese  Sushi Bars,0
-Q1P6eAfqaiBRggPipvwyA,Zeynos Kebab,Burgers  Kebab  Lebanese,0
KlTrYFc6AOH4Zl3uLMauDA,The South Indian,Indian  Vegan,0
SSw5W7xvBBKkGwst7G30Xw,Itzi Pitzi Pizza,Pizza,0
T9yn4qI4sUKFAUvCz7NqsQ,La Vita é Bella,Italian,2
vTChg7PKgEj3BSNc9pKe8g,Mei Wei Restaurant,Chinese,2
JVxkNyyQmTOkNq4akgiX-g,nihao YAO,Taiwanese,2
tTXyWXFQGlRjfGlCgSGZmg,Curry Nation,Food Trucks  Food Stands  Asian Fusion,0
n-tUF3URIcVbxkSpcJLw3w,Nord Falafel,Middle Eastern  Falafel,2
oRPNG3oZd9093ti3ihM0uA,Utterslev Pizzaria,Italian  Pizza,0
jGEEgWvrdHpdRr-c7BpnHw,Fitnesso Nørrebro,Juice Bars and Smoothies  Sandwiches,0
0g7SwkDKrOJdYE4x8lTdjw,Op La restaurant,Vietnamese,2
29ra1wfknwU_evoeqlcN_g,Green Mango,Thai,2
VhPvGLx5MqCIpfGPoFprpg,Tribecanv,Italian,2
wOuUswsRkEz_0KVdPT2umg,El Chavo Mexicano,Mexican,2
_908AGazhKqbiSgo0vU2ig,Restaurant Kreta III,Greek,2
LOIAwKLZ_25VPHuokdfViA,Hong Kong Grill,Barbeque  Fast Food,0
Ty85PO3g8atwiTALcxkj8Q,FuYi,Sushi Bars  Wok  Chinese,0
lQnjlmHfxRqC2Cng1RMGJA,Marie Snack,Pizza,0
64oN5-0npSrUoCpTUQxFTQ,Dark Waiter,Restaurants,0
W5yNQMHtwrF4F8PEnbbmmQ,El Jefe,Food Trucks  Food Stands  Latin American,0
GGNtHyqXMvtGOHfVq706eQ,Samosa House,Pakistani  Indian,2
Vz2L7ntuw-p1DLkcjNtDPQ,Pico Pizza,Pizza,0
wpMg3wCDzC30xg3fYr3LcA,Nano Sushi,Sushi Bars,0
lQnCvsk-UdFYvw1CBi3JTw,Jasmin Corner,Sushi Bars  Thai,0
Fa5m6xcp2my2sg5yJ7Ivog,La Spezia,Pizza,0
HLl138XUln5Iicq-PCyFjQ,Kalimera,Restaurants,0
t-2A4hhSrr0Wfk1aiihhJw,Kogepunktet.Com,Diners,0
2Ro4ai5YHXXl5xYAHnZEjA,Restaurant Bondestuen,Bars  Restaurants,0
PpDG6SjcvcrclOHArR_9DA,Dragon City,Chinese  Sushi Bars  Buffets,0
tl4YQC0r5DbHAOwoP4xwmg,Thai Gourmet,Thai,2
nW4TO_5nzHsF8Wk8DhiojQ,Høst,Danish  Scandinavian,2
4pPraP634d0oMYKcCUz9GQ,Vækst,Scandinavian,2
NrLB0JElwhP4aoz4s_NP2w,Rita's Smørrebrød,Open Sandwiches  Danish,0
IofXZt3LLeehHFgGHD_5wA,MAOBAO,Chinese  Fast Food,0
kSfznO6eKDpayWrpxQrpvQ,Banana Joe,Burgers  Fast Food,0
DvSPei5BeHR2wUnjOO2C9w,Fætter Fætter,Bars  Restaurants,0
d74Fp-hQbKy9iPjAJzXsKw,Gaarden & Gaden,Wine Bars  Beer Bar  Bistros,0
aYS_h5qw9lMI4xjh56wpVQ,Manfreds,Scandinavian  Wine Bars,0
WhgwgcCEDhI09Nz4UUzviA,Oysters & Grill,Seafood  Steakhouses  Modern European,0
u5ubeBTddL3pnN4WwOmS2w,Konak,Kebab  Turkish,2
JsJ_Lw6_ISor8J3Lxar2aw,The Olive Kitchen & Bar,American  Steakhouses  Modern European,0
u9BXtk0H-xWMvlDiJirWkA,20 A,French,2
mbrafBIxsYyAMYI9QAhYJg,Kuma,Japanese,2
SVzu75PivakjsdqxqZwO-w,Scarpetta,Italian,2
nU2z4Lp5P6JA_8VmVeMpTQ,Bevar's,Wine Bars  Breakfast and Brunch  Danish,0
IVL9W4sMggxxapyacS7cBw,Hooked,Seafood  Burgers  Fast Food,0
mtlr1z62z_eEQpUuGk28SA,Protein-Baren,Salad  Gluten-Free  Sandwiches,0
3HJgXfWhhFBMleJeWKIrAA,Rebel Food,Food Stands  Food Trucks  Street Vendors,0
UZG6f5p48f9pqUN06_c9aQ,Dürüm Symfoni,Middle Eastern  Fast Food,0
t7v2HOzq7Kt_UFk7VsIP0w,Grød,Breakfast and Brunch  Vegetarian  Scandinavian,0
gLktAuUmduq94SYS-Noxdw,Ramen to Bíiru,Ramen  Beer Bar,0
i7vnmRNQwdQy-1y65Pq8jg,Dürüm Bar,Turkish  Fast Food  Middle Eastern,0
CmZ7_TVdknEpq4N64mQ5EQ,Ravnsborg Vinbar,Wine Bars  Tapas/Small Plates  French,0
mM4WV5dR7rxcMrNu1PvfLQ,Mahalle Birkegade,Breakfast and Brunch  Vegetarian  Lebanese,0
NSpoxrBJlz8Y7l8aOfaAVA,Afandi Kebab,Pizza  Kebab,0
I15QPGN36sDpoqsXQ8B5FQ,Nepali Bhancha,Himalayan/Nepalese,2
XNS0RPZHFUY8xYWoDSn7OA,Grisen,Barbeque  Danish,0
gP2nUuSYP1SHUboRB8viYQ,Restaurant Nha Trang,Vietnamese,2
_srPGSLHHI0hyaIx7I0qEg,Aamanns Etablissement,Open Sandwiches  Danish  Bistros,0
mSChUFbEhSghzzef2EFptg,Alanya Kebab,Mediterranean,2
PWQhCukH0EEAIBCeVQdsPw,Kiin Kiin,Thai,2
GtnnZd3U1ZqTI38U8HR96A,Grød,Breakfast and Brunch  Vegetarian  Scandinavian,0
v5dlc7AkipFeq3BlV8Unzw,Asmara Restaurant,African,2
7mntyYb79_GotDqmfZrBYA,Bæst,Italian  Pizza  Cocktail Bars,0
ccuabP-ykZe_h1LZIt6DvA,Ma'ed Ethiopian Restaurant,African,2
SOMDzlanYPGzutBZ0z3ZRA,Thai Pan,Thai,2
142IJtXl0Z-mGWHth6nYPg,Alabama Social,American  Barbeque  Cajun/Creole,0
nYcwu37fpbkENz0pm_Ywzw,Plant Power Food,Vegan  Vegetarian  Open Sandwiches,0
s8Zvogv9STlv59pWehvdOg,La Esquina,Wine Bars  Breakfast and Brunch  Open Sandwiches,0
MKwH8C0QJ2MExF3HqGIjcA,Nørrebro Bryghus,Brasseries  Breweries  Pubs,0
BDpk9XkoO3rjnRuoP7HsRA,La Rocca,Italian,2
VBgHkO1-CfFfWr6XegMkXA,Nittiya Thai Takeaway,Thai,2
GyfXTHTzSfAGsasy9jP_KQ,InDish,Indian,2
su2QlZZ58XUaQTbGA6fXHw,California Kitchen,American  Vegan,2
1SMKO4hdnpzYaOj1l-SokQ,Mad & Kaffe,Breakfast and Brunch  Open Sandwiches,0
aag2m6wl0pinPWblrV85Tg,Restaurant Relæ,Scandinavian,2
oh6V-kwR8nm4lTK85to0sQ,La Lua,Vietnamese,2
L-tK0sjupAuaz_nZB6F4rQ,Gaza Grill,Middle Eastern,2
QZjYZWMkn_VPw82y4QJllw,Banh Mi,Vietnamese  Sandwiches  Imported Food,0
72bRIJEcDy-24eP0slq1Jg,Yolkie Egg Joint,Burgers  American  Breakfast and Brunch,0
pXBQDrXx43RqD8RxKGI25g,Boys Shawarma og Isbar,Fast Food,0
cUaYTY9kcsB6xjyuHZ8oMg,Cock's & Cows,American  Burgers,0
mBlHt982LgdNVDwAmR9wKQ,Foodie,Sandwiches  Salad  Vegetarian,0
khy8aAKLwqlslCmFC-TMkQ,Taverna Kreta,Greek,2
ozf5CDGYHssUu3p7gYYQXA,Cafe Pub 'N' Roll,Restaurants  Pubs,0
1AwnhGvAqyGM7hmNFcc7rg,Smag,Sandwiches  Vegetarian  Juice Bars and Smoothies,0
BqF3BOeWBkqH9rJtTE-iTw,Smeralda Copenhagen,Italian,2
hWnsafCBy_4d6v9Drx8tBw,Slurp Ramen Joint,Ramen,0
v9cPXyYF3b7qlPwAcv1yuA,BlueTaco,Latin American  Mexican,2
xDjbXYqpOTKT1ImPegIk8w,Liban Cuisine,Vegetarian  Falafel,0
WA_Z_tq6bP07LBDeu5QAww,Takii,Japanese  Sushi Bars,0
expN6ceU3fYFOXSNCQenMw,Restaurant Zafran,Persian/Iranian,2
YdUTd2zchc7AysIy3ojOww,Spise/Bar 20,Cocktail Bars  Tapas/Small Plates  Breakfast and Brunch,0
rBxzZJzLOFSPR3FHWerPAg,Konya Kebab,Middle Eastern  Turkish,2
i7hAkSkVKJl0rfJmnZPlmw,BrewPub,Gastropubs  Brewpubs,0
cPu9Z2QuaMjzw8GB0DYjEg,Restaurant Skindbuksen,Scandinavian,2
3ABiD7ErSmh98PEojfdpLQ,Søpromenaden,Open Sandwiches  Danish,0
gsYQKohBtJ_p3WwZAzTJvg,Mahalle Nansensgade,Lebanese,2
nn2Hf7GovGLW0tl-V7unCw,Restaurant PUK,Danish,2
I3xJ8_gWx1dE2VK1DPSNuA,Burgerklubben,Burgers,0
zAqPf83HcFTZjIuJhi-vXg,Selma,Open Sandwiches  Bars  Scandinavian,0
0rtJLyIAagosKx02YkNSRA,Restaurant Krebsegaarden,Scandinavian,2
-ZpPcubgpuIhVNyqEbn2Lw,Selfish sushi,Sushi Bars,0
PdpFOy5Zk9NW3eO6DX4Wzg,Harry's Place,Fast Food  Hot Dogs,0
RO_uYW7TO-PMpFtEfQV2_A,Go Away,Japanese  Sushi Bars,0
1geyPz7LjS2BWySW8IDB5A,Ninos Pizzaria,Italian  Sandwiches  Pizza,0
qXb0-2jPxsiAZNEZYb2sVw,London Pub,Gastropubs  Pubs,0
ou6yaAvDwwW1REKwy4e3PA,Restaurant Pluto,Modern European,2
H-Z4n3m17kgYn8aIF8_jcw,Smagsløget,Sandwiches,0
Xm7GsA4GXRo0U5q6v1TuGg,Pizzeria La Fiorita,Italian  Pizza,0
eDW8uDXupuZ8iUBtAJOI9g,Nicecream Copenhagen,Vegan  Ice Cream and Frozen Yogurt  Desserts,0
ZxJ2arKam9vBTbHR8tu0zQ,Geranium,Scandinavian,2
oSvs88fyHF-OpuUKzRBApg,Rudo,Restaurants,0
0GeniAQzKu-dyZ5xvrfJhA,Restaurant Schønnemann,Open Sandwiches  Danish,0
q95mzsmUwB6DWBbRDEr4Kg,Restaurant Akropolis,Greek,2
W2Hy4xzNo_Dj8FVF8PSzJQ,Café Livingstone,Scandinavian  Breakfast and Brunch  Vegetarian,0
tTtjbQmZGIiSi1Yjyjtvyg,Garden Restaurant & Vin bar,Scandinavian  Modern European  Danish,2
bGmA426GIt2cyjgJ6JIUog,Nonsolo Pizza,Pizza,0
4Rrpo1L5E_wCksnWz1L0ZQ,Sliders,Burgers,0
fyXA-YXfg_WIGopTsQWCnA,Cafe Klimt,Danish  Scandinavian,2
1hcPQU8xDkO-9O53pJU8Ag,Avenue Hotel Copenhagen,Hotels and Travel  Restaurants,0
M-8pejbqRoSeAAjFxQyGwA,Terroiristen,Wine Bars  Beer  Wine and Spirits  Tapas/Small Plates,0
cldgqcBv4x4h4smDBmRPrg,Halifax,Burgers,0
peRb6NprLKjp4zGv7VUpXA,Toves Smørrebrød,Meat Shops  Open Sandwiches  Danish,0
TIk03iMG5lLHknmbrAFOQw,Il Locale,Beer Bar  Italian  Gastropubs,0
1ogzlHV41s9_ZY-h8-m4GQ,Kösk Kebab,Middle Eastern,2
FjhdQEREDCYC0wj6GHMLQA,Kødbyens Fiskebar,Seafood,0
0KR7gw9Idl3XZs8jdYjXpg,Falafel Factory,Vegetarian  Falafel,0
yiEgS0XLLwF5XT-lvg8tbw,Uformel,Scandinavian  Modern European,2
k7dpTBHim47sVQHytsinfg,Kebabistan,Turkish  Fast Food,0
QW1KfriT9fpcWc6hF_eC2A,Stefanos KAFFE & MAD,Imported Food  Delicatessen  Sandwiches,0
xgOqcx5VBMiH4FcehCubXg,Silberbauers Bistro,Bistros,0
Sx8f7NP8WKeUuvama1Lbyw,Spaghetteria La Perla,Italian,2
IcfdqE1bpVZ-cuBBcUuYeg,District Tonkin,Vietnamese,2
qycdIw4HOP9eEwq5GeKR9Q,Beyti,Vegetarian  Barbeque  Middle Eastern,0
Oj5DK6bpdyvdpsQ7nmT0KA,Hallernes Smørrebrød,Danish  Open Sandwiches,0
Zy-NyBqpwcc083n1hgQiVQ,Chun Bo,Chinese  Sushi Bars,0
rBo4fnlemsSK0P7spxlKZA,Kung Fu II,Japanese  Dim Sum  Asian Fusion,2
5VxQuK8JNh8EmNVGALvL-Q,Gro Spiseri,Restaurants,0
INjunnv4Xl3kCqqLtQYf-g,Restaurant Fabio,Wine Bars  Italian,0
ILTOBxVVuCxWHmYpS0RaEg,Anarki,French,2
tlpkl1fgkNQgprJwGNWqkw,Gao,Chinese,2
DkZAyD0A1pP8CznO276Irw,Pastis,French  Seafood  Bistros,0
KYWRdqbI2lJutKhkLYxS5w,Mad & Kaffe,Breakfast and Brunch,0
zesaOdLtw4LurmJoeGeB9Q,NEIGHBOURHOOD - Organic Pizza & Cocktails,Pizza  Cocktail Bars  Italian,0
QOwZULVfl3xu7wEQoYX4bg,Sapore D'italia,Pizza,0
dDwvVxOlhgo55ry5OUtEhg,Thaiaway,Thai  Wok,2
8vEGeZLXm75Je_jRZRaPuA,Kato Sushi,Sushi Bars,0
tKqLYMdhLbbMICiWM-UGQw,Smag Østerbro,Salad  Burgers  Vegetarian,0
bUYFRtBLTXr0hRk60BjkSQ,Barr,Modern European,2
saaH08kE4asZvKgMWyD2WA,Mae Pen,Thai,2
qYXIh7kVncz6QIBsiQ8PFg,Fleisch,Gastropubs  Beer Bar,0
E-n0P_GRGMmUkFSlMfU5Lg,Viet-namnam,Vietnamese,2
yks-XU6F8B-6sfej2ZKDFw,Feed Bistro,Scandinavian  Modern European,2
p-ymrfwMGV5kbrVokVfxhg,Aamanns 1921,Open Sandwiches  Danish,0
JJkyoXv0Gq5ftPHDUB6mWg,Chao Viet Kitchen,Vietnamese,2
8H1VufVtzW293RKygD--bQ,WooWok,Thai  Wok  Vegetarian,2
8ao5k9lzHzHLQ8Qyw-2Byw,Fælledvej Pizza & Grillbar,Pizza,0
d6GAbmhFt8kknb8WfE67Xg,Trattoria Sud,Italian,2
Ht0JxMM88Ql7NtWi37wpkg,Hos Fischer,Italian,2
Q0otb42d_wceft5DUqBbZw,Kopan Rice,Korean,2
3DxrdSo2Ibn4hzcbg-Fv5g,Ravnsborg Kitchen and Bar,Bars  Breakfast and Brunch,0
87mljity9_JjU3bptxwM4w,Pronto Pizzaria,Pizza,0
NNAT5a7dcYM6eHfeoJWCDg,Papa Ramen,Ramen,0
Wl8Uv2vCxYiAss2KQFoXoA,Qandil,Middle Eastern,2
82-oBuY36Deq4Q3JJZBheg,Restaurant Karla,Scandinavian,2
3xF6FtNlc7NKjvZHEZhurw,Café Lindevang,Scandinavian  Danish,2
g5itL8EW7swX1MKRLeogaA,Shawarma Grill House,Mediterranean,2
rccrXX1qb-73CQP4VDsmig,Candido,Italian  Pizza  Meat Shops,0
WuHL1zfOtqaX8l8PEO5Fhg,Cock's & Cows,Cocktail Bars  Burgers,0
Wx-C5olt9t9tBTB2Aa2Kvg,Aamanns Deli,Open Sandwiches,0
8gZvSq0PmYPWVzbVh1_Ezw,Restaurant Naert,Scandinavian,2
tbJ68UMObeqcN5ngrx2z3A,Sasaa,African,2
ypWTF135OlW2xOBJ7Z30dA,Le Petit Vinbar,Wine Bars  Champagne Bars  French,0
1u9qTH_rMhU-K81Vvc-Hxw,Yang Cheng Grill,Barbeque  Chinese,0
ZjnwAz6fAZHL6TMJQFabYA,Abusamra,Middle Eastern,2
zNyB3DPVIhO-bb7vwCoLag,Dilans,Pizza,0
yH8_uEiLKo-gzqqarvK96g,Kolonial 2100,Pizza,0
VicX_1v3GFP_Ed-j_uUGTw,Restaurant M,Danish,2
wCO3sdfYrUSFjAxtb88sdg,Healthy Hunter,Salad  Juice Bars and Smoothies  Sandwiches,0
2w78G-u0zup1ocFuxCEsCw,Behov,Pizza  Wine Bars,0
PBgY4Q5Wp01YQBMrx8RLMA,La Neta,Mexican,2
mczuwWb4wRAiu7m9sL6d8A,Café Auto,Breakfast and Brunch  Scandinavian,0
W2CW7gDMZ-okaiDX_6QS-A,Det Eksotiske Hjørne,Turkish  Mediterranean,2
o8u1Eo3Kw_bXj6ZryrOfzg,Ahaaa Det Arabiske Madhus,Middle Eastern,2
wdpWGN0Ch2yEr6rWQekcfg,WokAmok,Thai  Wok  Asian Fusion,2
dtldKRv4rGCtJOdNSoZW2g,Forno a Legna,Pizza  Italian,0
o3q7pnrpv_qK2X-5GnZMSw,District Tonkin,Vietnamese  Vegetarian  International Grocery,0
H91gUwnuM2Yy-32ynaXXhQ,Efess Pizza Bar,Pizza  Wraps  Burgers,0
XTAd5Y5FbzMxxgnbjOQUZA,Kopan Street,Korean  Food Stands,0
WQ2iVYenylZ1Gg5umSZPpQ,Phago,Mediterranean,2
sSjZnhh0jZBZlxhBpbMoHg,Hooked,Seafood,0
RqoWzPyLfqw6AN1XLhAMwg,Men-O Ramen,Ramen,0
ePmoWerzRZ3oihJOwvGxSw,Clarke's,Bars  Beer  Wine and Spirits  Breakfast and Brunch,0
HbZRkkwGn051AkCtuL_XzQ,Restaurant Tio Marios,Italian  Burgers  Pizza,0
XQGl2H_Bao2I7YTYrJCbZQ,Restaurant Under Uret,Open Sandwiches,0
Rf-MaKRLQGKyOxiXq-fNdA,GRØD,Scandinavian  Breakfast and Brunch  Vegetarian,0
KVg8nMZpOPz7PvwyKk1iTA,Sushi Lovers,Sushi Bars  Japanese,0
cKRqSx7jwiygTzFerNx1cA,Restaurant 1733,Open Sandwiches  Danish,0
KJcyGslh1DkpT1Dl0_sqvw,Ayuttaya,Thai  Imported Food,0
7eyvRvq65v63oX6S3hwR2w,Tacopop Taquería,Food Trucks  Mexican  Latin American,0
vLf0bUTO10mCsFj36pkLbw,Palæo,Specialty Food  Scandinavian  Salad,0
K4n7Er9E3dHl0GipNWQaAw,Scurry Hub,Asian Fusion  Thai,2
x39xYLOxWfxisy6myfawsw,Halifax,Burgers,0
S6uTQecILk4dJASWxB4t2Q,Wafu Ramen,Ramen,0
Iti_-dy2CL5l_O755SRFMQ,Orangeriet,Danish  Scandinavian,2
BLXBOvFqAEgeNnW_ukYmRg,Sticks 'n' Sushi,Sushi Bars  Japanese,0
3Ewngtuop4je7URHx2N2jg,Riz Raz,Vegetarian  Buffets  Mediterranean,0
4B5g_UqfwC4gpuUdJ4Y44w,Halifax,Burgers,0
7b2HH72vNEJdF701r42kbg,La Vecchia Signora,Italian,2
2wawHUBRijBzej0d65zqZw,gorm's i Magstræde,Italian  Pizza,0
NynoohvPT2TIsrCm6agFJQ,Atlas Bar,Modern European  Mediterranean  Vegetarian,0
zb3QVJPreJB8EcuxTgx2_A,Gastronomia Italiana Tre,Pizza  Italian,0
SfLu-0sHY_R2NQvoKftKpw,KöD København,Steakhouses,0
-ws7yx-9dNdsD95S-3460Q,San Marco JUNIOR,Italian,2
LAs8Q5sZ2rYQaP7u1K4gHg,Tivoli Food Hall,Food Stands,0
WOpDD67yCmXBN5rizvqePA,Da Aldo Pizzeria,Pizza  Italian,0
lhqWPE-RLVEZOYczGJevMA,Café Flottenheimer,Burgers  Desserts,0
t8WoOCblNkTHu71pd1t9Eg,Nordic Noodle,Thai  Gluten-Free  Vegetarian,0
qdBdXU7bBoSMg1av_GEOzA,La Pétanque,French  Creperies,2
wzUG4fmV5Bdw5u1iLQjA7w,The Coffee Collective,Cafes,1
hijTSfwFhF3sdl5uOqGn3A,Meyers Bageri,Desserts  Bakeries,3
rg9Ll_VIrdXe69cW6LWtIg,Andersen & Maillard,Bakeries  Cafes,3
KkPhfM_XDpYCQMBJKOaAOg,Møller Kaffe & Køkken,Cafes  Breakfast and Brunch,1
Oebon5OZBubs2dtM6q2Ifw,Kaffekilden,Cafes  Coffee and Tea,1
O8bPJgmgAoMf9njoIlwfow,Souls,Breakfast and Brunch  Vegetarian  Cafes,1
GOUSDHMfV3kbnWNGyOFEfA,Sidecar,Cafes  Breakfast and Brunch  Cocktail Bars,1
RUZ27d0mLsO82xxKIlkeYg,Mirabelle,Bakeries  Organic Stores  Breakfast and Brunch,3
Bo3ixYo_iRqxyNye6zu57A,The Coffee Collective,Cafes  Coffee and Tea  Desserts,1
BLsYalw2vPyoD1k3W-9nKg,Brødkunsten,Bakeries,3
H1fOqsIePlWvyrSX3dyeeg,Original Coffee,Cafes,1
UbmWzeUsG5p3xckOPU0inA,Djuus Copenhagen,Breakfast and Brunch  Cafes,1
-2KIGxyqLwOEl2SExzA9WA,Naturbageriet,Bakeries  Gluten-Free,3
Y7mnLYj3l5wxDftH2EfZgg,Ali-Bageri,Bakeries,3
ec-BcKj-bnWEFUajWj5d6A,Elly's Kaffebar,Cafes,1
bEMIylW09wrhKeHvtnZ1aw,Mokkariet,Cafes  Breakfast and Brunch  Juice Bars and Smoothies,1
PlSiSYLxZvqXIxgJEaSRWQ,Social,Coffee and Tea  Breakfast and Brunch  Cafes,1
TtQAlQeuHZEBcs9xT55x9A,Cafe Viking,Dive Bars  Beer  Wine and Spirits  Coffee and Tea,1
sUKdVIH3FFnbZbOoFsJe5w,Kafe Katholt,Cafes  Breakfast and Brunch,1
BOsyEAd2VpjGKKjhr1OJ_g,Kaf,Cafes  Vegetarian  Vegan,1
J0qXu_y7S_vyv6VI3zzPXw,Lygtens Kro,Dive Bars  Pubs  Cafes,1
s0bNk8iebNRVAADYpE5fZw,Cafe Gavlen,Cafes  Bars,1
VFjv-6_N9RaM62_7MZ101Q,Isværket,Coffee and Tea  Ice Cream and Frozen Yogurt  Chocolatiers and Shops,1
qvuG63s1VKvf2SnWkIp0OA,Cafe 22,Cafes,1
8mjAG17StSRarfbp2aMqNQ,Woolstock,Cafes  Knitting Supplies  Hobby Shops,1
BFRwFEN6pV75jpxGEpjcXA,Taxa,Cafes  Breakfast and Brunch  Steakhouses,1
QcK5ItYdldNXL-kT1tRpDA,Kösem,Cafes  Turkish  Kebab,1
m8ETTRP8uk7yCMUUBuAyyQ,Tjili Pop,Cafes  Breakfast and Brunch  Bars,1
l8MNckNRrV7wtr-ddvVCBg,Kalaset,Cafes  Breakfast and Brunch  Vegetarian,1
6Q7Uo-7hvibT1s94hgjVFg,Røde Roses Kaffebar,Cafes  Coffee and Tea  Juice Bars and Smoothies,1
aigwhsN9eQ_v0I8nAZZrFA,Café Feel Good,Cafes  Vegetarian  Vegan,1
Bs_EhkExJxKN9FO6biTAxA,The Laundromat Cafe,Cafes  Laundromat,1
1kZe1j9Gc9UIEuVkgm08Yw,Wulff og Konstali,Cafes  Breakfast and Brunch,1
TUXhPCybQ6e63f-jHiCM6w,Mellemrummet,Bars  Music Venues  Cafes,1
rrQhUbBCbZEkdmrAluVM0Q,Jægersborggade,Shopping  Local Flavor  Cafes,1
PuJeXkJd2m787hIFY0MFhQ,Ø12 Coffee & Eatery,Cafes,1
9Fgyio0jBHWIYcb9kbAPuA,Brødflov,Patisserie/Cake Shop  Breakfast and Brunch  Bakeries,3
eY0pxt2A19QWzs9LSP_RmA,Det Rene Brød,Bakeries,3
_E46qEer1pB2IcdYICPYUA,Gravy,Organic Stores  Cafes  Coffee and Tea,1
w50WDdFurHAnqgzvpruBsg,Juno the Bakery,Bakeries,3
k-v2QFk3AMas3aDPQL1K5A,Café Blågårds Apotek,Bars  Music Venues  Cafes,1
f8Eu6u2pDzdsammMaydRYw,Kaffeplantagen,Coffee and Tea  Cafes,1
tjRzDCPbezy7tnmJkQfKuw,ShaBaz - Kaffebar & Køkken,Cafes,1
0NQAVDJgsDggDGjGbcCHLA,The á la Menthe,Cafes  Moroccan  Tea Rooms,1
gZ6UEWVD85lPUetkOOKGpA,Sebastopol,Cafes  Breakfast and Brunch  French,1
bY-8ef7mYvDYCno33DyIDQ,Sankt Peders Bageri,Bakeries  Breakfast and Brunch  Sandwiches,3
jh513qEE97KRklUODXyCGw,Props Coffee Shop,Bars  Coffee and Tea  Cafes,1
ozA0RJRf8YYEB1uXsqbPWg,Paludan Bog&Café,Cafes  Bookstores  Breakfast and Brunch,1
lWNRq56dJ96JdKj3AjRYJg,Next Door Cafe,Cafes  Juice Bars and Smoothies  Breakfast and Brunch,1
p47HZUtWucx_YLne3FgTsA,Cafe Le Rouge,Beer  Wine and Spirits  Coffee and Tea  Cafes,1
ljI0SE6MHLv12IsmhqGzSw,Kaffehuset 44,Cafes,1
u-SOp3MDuahQFwPfxmNp4Q,Bastard Café,Cafes,1
FKbgq1LxZHVfYlGWLihrlQ,Håndværkers Bageri,Bakeries,3
DXVPI5719dUUadlOw7pLYg,Designcafeen,Cafes  Home Decor  Coffee and Tea,1
afHh4PKaJIrqIVuN5XsjHw,Ipsen & Co.,Cafes  Breakfast and Brunch,1
wJwlk1EHbjISvEO2s9qpIg,Riccos Kaffebar,Coffee and Tea  Bars  Cafes,1
TOZbl7oVGf3lp9plxscAyw,Garagen,Cafes,1
haXlks5ePW8Um-M2YjZgqw,Café Griffens,Cafes,1
Wr6aOqMLrrqUlHiplioxdQ,Hey Darling,Cafes  Cocktail Bars,1
KLr-Wu7PP1OnOfT9E1J6Pw,Pixie,Breakfast and Brunch  Cafes  Bars,1
aXxSSoK0RO0q8phuSsaCEg,Kaffesalonen,Bars  Coffee and Tea  Cafes,1
MAnVFZ_oliHk9nhPJOzWvA,Meatery,Cafes  Steakhouses,1
yT80bot_avHqmaQ-S1us1g,Café AE,Sports Bars  Breakfast and Brunch  Cafes,1
sj41EPHz1jc15tAa3wVrCw,Det Rene Brød,Bakeries  Breakfast and Brunch,3
okydpNhxNHyxJXy79IK1hQ,Feelgood Bakery,Bakeries  Gluten-Free,3
niCkFlWZq-ptrOim7eSLhw,Harbo Bar,Bars  Cafes  Coffee and Tea,1
2N8VAWkwGKEdJfgQ9IuFJw,OLUFs is,Ice Cream and Frozen Yogurt  Coffee and Tea  Desserts,1
5mgrCQ0C02L6vWemjSO5Gg,Fata'Morgana,Cafes  Coffee and Tea,1
ck_7nu7Hem_RijPlWZmExQ,Café Plenum,Bars  Coffee and Tea  Cafes,1
1m6zahKVmwGbwEiapV9s0g,Arrebo,Cafes,1
SqorrQHMv3ezqytTtSeGDA,Hønen og Ægget,Cafes  Breakfast and Brunch,1
t6h46kgIfkH9am8WkbIqrw,Bertels Kager,Coffee and Tea  Tapas Bars  Bakeries,3
3ct9aTyCyYe3A2xiX1_h8Q,Cafe Norden,Cafes  Breakfast and Brunch  Sandwiches,1
bcipoGML-6UEk1PVKEU3JQ,Kogebogeriet,Bookstores  Cafes,1
bTQTOEfXO5TfJjH7Pq2KLw,Café Castro,Coffee and Tea  Beer  Wine and Spirits  Cafes,1
J-xnCbqDe7LZkKd81OJQnQ,Hart Bageri,Bakeries,3
5v9Xnbb3x2AJI1P-jkDcqQ,Den Lille Gule Kaffebar,Coffee and Tea  Cafes,1
GZ52jPGOgaC3cic6QZohSg,Original Coffee,Breakfast and Brunch  Cafes,1
9pC1gYB9ZtbNdV7z7Z9WDw,The Coffee Collective,Coffee and Tea  Cafes,1
wdVClx28XFTNHYLOx6Is4A,Sokkelund Cafe & Brasserie,Brasseries  Cafes  Breakfast and Brunch,1
PJed24HWJ4SIn8eZM5gYrw,Emmerys,Coffee and Tea  Bakeries  Cafes,1
ZXjdJes0jZ9IlslhIZMl-Q,Café Munk,Cafes  Indian,1
Sv2GBNC9AyDoD85iQreqKg,GoodLife,Cafes  Coffee and Tea  Vinyl Records,1
Y5mpYpGiC0cGrlM602k6mQ,Cortado Kaffebar,Cafes  Coffee and Tea  Sandwiches,1
AAfXw_dm52FxhlhjRFFJ3g,Lagkagehuset,Bakeries,3
ZWhv7KIu8GlQ_Q7xiOoHWA,Rosetta Østerbro,Pizza  Bakeries  Sandwiches,3
hsjwzVqlF4fD-5UP9lJ8Ow,MOQA,Cafes  Coffee and Tea,1
c4KA0OBJkX4I15-GYA3v1w,Arabica,Coffee and Tea  Cafes  Soup,1
l7GYIOlVDfMcuvGZEpP_lQ,The Mudhoney,Cocktail Bars  Beer Bar  Cafes,1
xn2t243dVsLR2av-9Fxsrg,Kaffestuen,Coffee and Tea  Breakfast and Brunch  Juice Bars and Smoothies,1
G9nZokxPVAnxsEo1PyLReg,Bowl Market,Cafes  Breakfast and Brunch,1
avUr5VNkjNcshWfurfLWUQ,Lagkagehuset,Desserts  Bakeries,3
dFUZTboFyZMZFn5Gk_TikQ,Original Coffee,Breakfast and Brunch  Cafes,1
qL-Bs5qvonN4qdu0Z5fqBA,The Living Room,Bars  Juice Bars and Smoothies  Cafes,1
bcb2J89XxG6JUyh_5wl8Fw,Din Nye Ven,Bars  Cafes  Social Clubs,1
6PVhq2e-m7EYS_jzgkEddw,Darcy's Kaffe,Cafes  Bookstores,1
Vvpc_3sX6M6wsG6_9jwylw,Christianshavns Bådudlejning og Café,Coffee and Tea  Boating  Cafes,1
tmytR2cxCKV4S1GnxQIaUQ,The Laundromat Cafe,Cafes  Laundromat,1
BO9ODUuzeqJveVwhCwVLQw,Hope Bar,Salad  Vegan  Cafes,1
_IAwsy8qYTFtUDcr0RINTQ,Det Rene Brød,Bakeries,3
AK5JxY8_l4Jb1gMhL2ikAw,X-Camp,Cafes  Arcades  Internet Cafes,1
fm51EvHkluIT3A-r_G7H9Q,S A Y - Concept Store,Coffee and Tea  Concept Shops,1
q-cbBbpjZ4c4-56j8IIXlA,Asia Bazar Food Bar,Coffee and Tea  Cafes,1
zDYjyusw-L6Y4axz5nUwYQ,Kafferiet,Cafes,1
2TweHPfeJvFby3QrQlg3KA,Grams Lækkerier,Cafes  Sandwiches,1
U9ErXY8e57UyG09ilhX4BQ,Kaffehuset 183,Cafes  Coffee and Tea,1
ptJCyB4SgcNVo_4tCeUbig,Cafe Bopa,Coffee and Tea  Bars  Cafes,1
IWVvfOw8NaE8XtJspN6wdg,Café Rosa,Bakeries  Desserts  Coffee and Tea,3
vts_cYq05-w_sHfyO1t4oA,Det Rene Brød,Bakeries  Coffee and Tea  Desserts,3
h59nQtF8Qx0tEdJUo_61Lg,Café Phønix,Breakfast and Brunch  Cafes  Coffee and Tea,1
uDzdIyUZ4PNlSS0Xbqj_dA,Zaggi's Coffee,Coffee and Tea  Cafes,1
T-7R_IPoPqfuyYpijLm_nA,Kulinaris,Coffee and Tea  Pizza  Sandwiches,0
gKcbzyXPw1HBdkElD62tYA,Overfor,Danish  Cafes,1
T2Jyeg8tSkT1LMADRc_yKw,Kitchenette,Cafes  Coffee and Tea,1
-YPMhMUkozKtCnqMMkgccQ,Meyers Bageri,Delis  Bakeries,3
O55nVUQGJh7vEV9m_Uz1sQ,Kaffebiksen,Cafes,1
Oc7z477HnGAo2luBAD1RiQ,Hart Bageri,Bakeries,3
-T9uUMrwjFtrrBto4k5Vjw,The Coffee Collective,Cafes,1
Bm2a-NxLOrKXQ77VsBD_hQ,Cafe Ermanno,Cafes,1
DHc9V8q8AaW2wmI9jvIamA,Munch,Bakeries  Cafes  Coffee and Tea,1
2xw3NB1EOZhRvAy1-LXasQ,Ingolfs Kaffebar,Bars  Cafes,1
xyrU1vi2dmGmHZtvnYaCHw,Lagkagehuset,Bakeries  Coffee and Tea  Desserts,3
oLMCmpxLjHWLObOZBl0pUQ,Charlottehaven Café,Cafes  Breakfast and Brunch  Hotels,1
2FgQJLIIBz7xr2PbgeuHAQ,20 Grams,Cafes,1
WaL7si0-r9kCxtLmXX5-Fw,Brioche Dorée,Bakeries  French  Cafes,3
60tSNcLjBZhUKq-1_IF8-g,Verdensrummet,Organic Stores  Bakeries  Cafes,3
dnrJke8wfHesazSljyGKDg,Tea:licious Café,Bubble Tea  Coffee and Tea  Waffles,1
jdak7g6g6eK9guNK8VBfog,Neringa Café,Juice Bars and Smoothies  Cafes,1
SEDDO0onNCKZdRZKIeNa8g,Coffee Industry Sweden,Cafes,1
qoyOYu2GSrvV2he-9w0v6Q,Grannys House,Desserts  Coffee and Tea  Bakeries,3
6ZtVjLi-JB5uBwDxGTFCPQ,Cafe Noura Antik,Cafes  Cafeteria  Breakfast and Brunch,1
VJa2qf1s1e7lsxOS_S9lgQ,Leckerbaer,Desserts  Patisserie/Cake Shop  Cafes,1
lAhqfnubTLESa8d52PmrXw,Tante T,Coffee and Tea  Chocolatiers and Shops  Cafes,1
pOVvdV-E1_zYxocX-oJubA,Resso Espressobar,Cafes,1
jptVzSRvP7bq6WfXO4NkjQ,Meny,Grocery  Bakeries  Specialty Food,3
GLjb1z73ukEEU-CIDLsKjQ,Voulez Vous?,French  Cafes,1
FXGoGVr4RRs6mR0iYIENmA,Mad & Kaffe,Cafes  Breakfast and Brunch,1
PKC2ewu9UD_hVPlw8zsy1w,Askov Fonden Café A,Cafes,1
AADGbW93TV_KH1iqvAA_aA,Baryl,Cafes  Breakfast and Brunch,1
yV79JYHN_iThP8RK-K4MWg,Cafe Wilder,Cafes  Coffee and Tea,1
g7uOOY2DJ8BgEYWghhtbIA,Snabel B,Coffee and Tea  Breakfast and Brunch  Cafes,1
h5e0P3dUhwFJ-HYogPaVWw,La Banchina,Seafood  Wine Bars  Cafes,1
zYpYci5QeuckMCkhE5kYkw,ShaBaz - Kaffebar & Køkken,Cafes  Coffee and Tea  Breakfast and Brunch,1
WVvP58sLEM7f9K34wzWjBw,Dag H - café og restaurant,Coffee and Tea  Beer  Wine and Spirits  Breakfast and Brunch  Cafes,1
iYs4CZRYTvRV6WE5XfznyQ,Kaffebar 78,Cafes  Salad  Breakfast and Brunch,1
1A3Py4X14kJFcyFgFvfh5w,Barcelona,Dance Clubs  Cafes  Lounges,1
2eBbcKP2dhD6DYG388_Flg,Funder,Cafes  Coffee and Tea,1
R7ystNbJkJ0VvrA29EMCQQ,O Bom Português,Portuguese  Beer  Wine and Spirits  Coffee and Tea,1
j913tP1GGtvo-7DeIWXSOg,Kafe Kapers,Cafes  International  Breakfast and Brunch,1
TX5TBY9QaX9BgR6vZJfqZA,Kaffedepartementet,Coffee Roasteries  Coffee and Tea  Cafes,1
3Gm7cLrkr3McYwprZ7G9PQ,Baklavaci,Bakeries  Coffee and Tea  Turkish,3
wa8QR1M4w_FrWNSEnmdydw,Superkaffeforsyningen,Coffee and Tea  Cafes,1
_l7xx9uzB5pRRr-t3e9tNA,CUB Coffee Bar,Coffee and Tea  Cafes,1
QWjaJbnVh6vYOX2mcwQsUA,Lagkagehuset,Coffee and Tea  Bakeries,3
Vi_GqXDFpm0k-Esyj1w6ww,Andersen Bakery,Bakeries,3
EbslkQXFndj_eK8VIXBVQA,Reinh Van Hauen,Bakeries,3
pwpdEgtJN-RH2VibZiE1Kg,Klint - Design Museum Denmark Cafe,Cafes  Coffee and Tea  Scandinavian,1
-d3xgdkPLYZuNwMETg3Avg,Café Spis,Coffee and Tea  Breakfast and Brunch  Burgers,1
waF42OQ2hJe3OhXzCEGFEA,Riccos Kaffebar,Cafes,1
HLqznMliyB2gu1fELI0HOg,Hotel Chocolat,Chocolatiers and Shops  Cafes  Desserts,1
RxTOOqEyiD5AyqMQ8GT5Xg,Café Sirius,Cafes,1
PeQiEJYc3c2WV-EBjWF6Fg,Café Bankeråt,Cafes,1
npJqCZNCL6D959SVa7aC-w,KarmaMan,Coffee and Tea,1
nMfplJbDRetZaTtKh1_A8Q,Taste of Taiwan Bubble Tea - Indre by,Tea Rooms  Coffee and Tea  Bubble Tea,1
neYYzjcgcjKChGJ5tjbC2Q,Mokkariet Odensegade,Juice Bars and Smoothies  Cafes  Breakfast and Brunch,1
Kj1f3Cj-ZU0ZWf4Pt7fhwg,Brødrene Grim,Cafes  Sandwiches,1
2mIYmFegEE0-HkSZ1ahlmg,7-Eleven,Convenience Stores  Coffee and Tea  Grocery,1
MPnHYl9woNGE_EE2klVyug,Kaffevaerk,Coffee and Tea  Cafes,1
6mStSf8kqt96O0bHWID3Pw,Kaffe,Coffee and Tea  Cafes,1
o2vZXe2NNWSf9Hjgnil_Lg,Los Nørrebro,Cafes,1
QXL2lkS27ynr9OgOk1DPPw,Heaps Good Cafe,Breakfast and Brunch  Cafes,1
9oIfPY6YROTR2leTua9gDA,Buzz Kaffebar,Cafes  Juice Bars and Smoothies,1
xkq58QB2s1cJAeuy1VMPLg,Kontra Coffee,Coffee and Tea  Coffee and Tea Supplies,1
KQH5Uflt3ymrWqMLq8ZaAA,Cafe Blasen,Bars  Coffee and Tea  Cafes,1
ZYDYHx028Y1n3H9WZfpq_g,Cafe Delight,Cafes,1
ZfO87ew3NH3C5kP1qYLsVQ,Taste House Of Cascabel,Restaurants  Bakeries  Desserts,3
iu400KMVgXv3eHSEFYFFAw,Espresso House,Cafes,1
OZz3pObROTUrowUR90_Kag,Reinh. Van Hauen,Bakeries,3
fCcng280F2LPKcFc-RZaNA,Café kopenhag,Cafes,1
C3iuuGLleR-v0ShSfuLaew,Forloren Espresso,Cafes  Coffee and Tea,1
yOeeSvM1iAhhnUDh9yc5DQ,Krejl & Kaffe,Coffee and Tea  Furniture Stores,1
wHHoCqjgDo1iVNeRl-1fgg,Blomst,Desserts  Cafes,1
RLIiVISTFRGlbphQ3o3VxA,Bertels Salon,Desserts  Cafes,1
nIv8G7Zd0WzfYhgt16PUGw,Massimo,Italian  Pizza  Bakeries,3
mguMbKPbwIVCjoGkhoyP-w,A.C. Perchs Thehandel,Coffee and Tea  Tea Rooms  Desserts  Cafes,1
GPXzvVZc8YFvmf4XhYfy0g,Ny Carlsberg Glyptotek,Museums  Cafes,1
79a5J5ccQupjo3EVuFjpoA,Bageriet Bodega,Coffee and Tea  Pubs  Dive Bars,1
4oe1xQmXerGxCI9eF4bgRQ,Democratic Coffee Bar,Cafes,1
jQ51tU9Fy3SgB5zJ0YCTNw,Lagkagehuset,Bakeries  Sandwiches,3
eqBme5o3m6acYYKCFHc2-A,Café Tilda,Cafes,1
tZlQbXv6fDYxH67p6zwpzw,Mormors,Desserts  Coffee and Tea  Sandwiches,1
7WBAoA6kAoHrjcPE62cb4g,Lagkagehuset,Bakeries  Desserts,3
aiX50QOXODa56zXNo-0AsQ,Kagestuen 43,Desserts  Cafes  Coffee and Tea,1
SZnPuN9qP3fDrSOjv1wjLQ,Cassiopeia,Cafes  Buffets,1
Ek0Y08ljHkAYdxvEUHk7yw,Navnløs Kaffebar,Coffee and Tea  Cafes,1
X55KSPpxGQneg7wwLYf5wA,Kaffix,Patisserie/Cake Shop  Cafes,1
U0JK3sr_sLLitxUoGuUgsQ,Vinbørsen,Beer  Wine and Spirits  Coffee and Tea,1
pPJz_9cn_BSIzwH7rg1Odw,Hermod Bodega,Pubs  Dive Bars  Coffee and Tea,1
sE-P664Xu7ttCMvRVG-fZA,The Garden Café,Cafes  Sandwiches,1
HTxZiwFUW70gOqWrn7Zx3A,Mokkariet Istedgade,Cafes  Coffee and Tea  Breakfast and Brunch,1
ZaaVHy1iJGpypS-6xBkSBQ,Prolog Coffee Bar,Coffee and Tea  Cafes,1
A3bUmtsktu1fh3Q2EkNphA,Petról,Cafes,1
fDjmb9JtgphxF7Ekt62Flg,South Harbour Café,Cafes  Moroccan,1
S5YhwZSOdLQLeUr9TcKIIA,Enghave Kaffe,Beer  Wine and Spirits  Cafes,1
9llgG4Sf8u7Y17hpf0-nwA,Risteriet Halmtorvet,Breakfast and Brunch  Cafes  Sandwiches,1
vWS4-AbfmGO2zo696qHw2Q,Bageriet Brød,Bakeries  Breakfast and Brunch,3
EFJueGHxBlNrn5zKTVdcOg,Kaffeslabberasen,Breakfast and Brunch  Bakeries  Cafes,1
-c0jjCGzrfjQKroHgj6jZg,Wulff og Konstali,Bakeries  Cafes,3
0JjRaroKcpraZITHMazaZQ,Coffee Fellaz,Cafes,1
9WFf4FGvedg-KSEnShU7ag,South Harbor Café,Cafes,1
QRbniHRSwDwU1-WyjFbW3Q,Barbar Bar,Cafes  Sandwiches  Bars,1
bEodOkIJZ6I3UKDWKZNdZw,Carlton Cafe,Cafes  Breakfast and Brunch  Burgers,1
dya3sdg-OjlETrGPcAwJrw,Apropos,Breakfast and Brunch  Cafes  Coffee and Tea,1
vpmk1OF6Uad2IHzSIg3QuA,Bang og Jensen,Bars  Breakfast and Brunch  Cafes,1
7wP5O1LLfjlb7rQtFeJ60g,Frede & Vester's,Coffee and Tea  Breakfast and Brunch  Sandwiches,1
5b1R1l616rn9ukX3-fXFHw,Cafe Skammekrogen,Bars  Coffee and Tea  Beer  Wine and Spirits,1
5SIOQE1-Ci9nPqzmYGDXeg,Granola,Cafes  Breakfast and Brunch  Sandwiches,1
2JwV8xhLKvb4wInemI7aBA,Brød,Bakeries,3
BtlJIvMvVkF7Y_VurhVdIQ,Stempel Bar & Kitchen,Bars  Cafes,1
_gxWLxWE27tnZMSIQNrsYw,Espresso House,Cafes,1
sD1GlvFgxUq7BHOOlkM_AQ,Kellermans Cafe,Cafes  Venues and Event Spaces,1
_8EvYM5dMATONGKy_zTivA,Kaffestuen Vesterbro,Coffee and Tea  Internet Cafes  Sandwiches,1
kFvu1gAJPIUWN5wY7oEJSA,Sweet Surrender,Cafes  Coffee and Tea,1
os0XTO19CPxHcwwS2PWGkw,Rist Kaffebar,Breakfast and Brunch  Cafes,1
4X26IY7RvokFE7QdSUmUYg,Café Du Nord,Cafes,1
NF4rEESo8EW9nJfw9ITayw,Craft Coffeeshop,Arts and Crafts  Cafes,1
OwO4EXYuwsHacuNjcypqlw,Coffee First,Coffee and Tea  Cafes  Cocktail Bars,1
CHiLHTCTQtVRyCjT-YLLQQ,Café Alma,Cafes  Modern European  Breakfast and Brunch,1
MLRw97gDKx0oFlPdkNp3nA,Café Mandela,Cafes  Bars  Coffee and Tea,1
I6ZCKRIwbm1DBi6mJCZ-ZA,Sonny,Cafes,1
XoLeE4DgdRT7cc4o7WCzlQ,Sort Kaffe og Vinyl,Cafes  Coffee and Tea  Music and DVDs,1
AFMKLpZqaTzSSFK-b04R7w,Boulevard Cafeen,Bars  Coffee and Tea  Cafes,1
LA3DjHXWPqz9wT3ewN1Heg,Græsk Smag,Cafes  Coffee and Tea  Greek,1
gV5URnf-dXSgxxYvMDZchw,Bagerdygtigt,Delicatessen  Bakeries  Cafes,3
gAHr1iqgLRC2bDSYeqowHg,Café Høegs,Bars  Cafes  Burgers,1
7qf7SCTGW9TWT9NaRQMrJQ,Le Kaff,Coffee and Tea  Juice Bars and Smoothies,1
QIC_bbmQonavepomfzeCjA,ORSA Coffee,Coffee and Tea,1
J7pb3CA-U1JZwZRDwVm32w,Lauras Bakery,Bakeries,3
jfCuOkK2cmdJZy6nZf5SUQ,Kødbyens Høker,Bakeries  Restaurants,3
tJAMNrEO0nxJey5VDvtN4A,Roast Coffee,Cafes  Coffee and Tea,1
MZswK-TBmVFnVDAbtczVXg,Café Georg,Cafes,1
h167hNgVPVyqGTnXL6bRcA,Café Viggo,Cafes  French  Bars,1
S2qFCsgDTSeEWLi1HlLGBQ,Lagkagehuset,Bakeries  Cafes,3
e5xz83FcKNGgkY6THQd62Q,Statement Coffee,Cafes,1
ykbWPQEr-BukZN-4jX_73w,Central Hotel & Café,Cafes  Hotels,1
ut4cQi5zwYqF1ets2-FgCQ,Woodah Hostel,Cafes  Hostels,1
i-maIPuvj6iVwdgifhcyWg,Cafe Vivaldi,Cafes  International  Breakfast and Brunch,1
TnOTTLBrCr07D6NMksjuZg,Kaffeplantagen,Coffee and Tea  Cafes,1
ajQJDOjYmz12VMFYBM8TSA,Gestus,Cafes,1
uChoEdFyJiBnApt4y1jrKg,Lagkagehuset,Bakeries  Cafes  Coffee and Tea,1
DMhWhvZn5SyDtWrU39amVg,Flisen Bar and Burgers,Cafes  Burgers,1
pbiwjidhHNQ5FWguqDH4pQ,Cafe Emma,Cafes  Sandwiches,1
TkNywlSTNFl7Afd6uI5iMg,Café Sonja,Cafes  Breakfast and Brunch,1
UEAW78TYgUpwckoRrB4R9g,Sweet Valentine,Bakeries,3
ERd_bqdduHNfvatvJkP3dQ,Byens Bogcafé,Coffee and Tea  Breakfast and Brunch  Internet Cafes,1
JdxPHfCcrQJAfX_9g9TBHw,Helges Ost,Cheese Shops  Bakeries  Delicatessen,3
_exr0Lb9qfLjiW1a_-x2Gw,Bodenhoffs Bageri,Bakeries,3
spVkora36exmMh8dQMhdzw,Café Katz,Lounges  Cafes  Coffee and Tea,1
OtFptdustjPs_m4_DUWJJg,Naturbageriet Sattva,Bakeries,3
xJbWptJcgbSm8UFOeoYekQ,Riccos Kaffebar,Cafes  Coffee and Tea,1
48LQ9QNQpV9s_ttuU1hiJg,Sing Tehus,Tea Rooms,1
94ETPxyFEBhLDlvkt6cnUQ,Thiemers Magasin,Bookstores  Coffee and Tea,1
jmBbjCDjq2psWGGV0MBVbQ,Den Go'e Kaffebar,Cafes,1
QBlaha1aAf1ogNIj-s1c2Q,Rock Bar Royal,Bars  Cafes,1
hAdt43NHgJddWbX_HV9_PQ,N to Go,Cafes  Coffee and Tea,1
4rYGMNqNpI48E8VyRqTkWA,Café High Q,Coffee and Tea  Sports Bars  Hookah Bars,1
QZnh_iSjo5sScMvTFVyP-A,Coffee & The Gang,Cafes  Coffee and Tea,1
j5XejEZmzX6oeFrGiClH4w,Kaffe lladro Vesterbro,Cafes,1
CHOjNliJkzW1hy-CkX817w,Joe & The Juice,Cafes  Coffee and Tea,1
h2Ldxok6gPmxxHdyWMjg4A,Creative Space,Arts and Crafts  Home Decor  Cafes,1
sWdlwmFUTHDfKyb_7s3MhA,Kellerdirk,Cafes  Cocktail Bars,1
e4lyFs7Gn413UhKzd5f59A,Atelier September,Breakfast and Brunch  Vegetarian  Cafes,1
m8KhjtGQ-WJvb-hOcYRsWQ,Café Altanen,Themed Cafes,1
mfmnN8Znk8JPpZlICAFRIA,Frederiksberg Allé,Local Flavor  Cafes  Shopping,1
cOUwptcU2Y7vJ1cdwDQIyw,Meyers Deli,Delis  Cafes  Scandinavian,1
1rWQO4JWlAgI-hEo2CVhTw,Købenkaffe,Cafes  Food Trucks,1
cVGIbeM0NpJBJUsA9dMntQ,Emmerys,Coffee and Tea  Bakeries  Cafes,1
yA6UuzmRQb0PC7Hf3m8F5g,Resso Roasthouse,Cafes  Coffee and Tea,1
UMMR2DwXsktGJjkl8oVVfQ,Kaffebaren,Coffee and Tea  Desserts  Bakeries,3
NEeDLbdR33aQsrsBdcGAsg,Café Hytten,Bars  Coffee and Tea  Cafes,1
D5dHjUgndnw2GZ7AYmczng,Streckers,Breweries  Coffee and Tea  Barbeque  Bars,1
ktIQmXdTPaTyxn5pbWHmMQ,Lagkagehuset,Bakeries,3
JOk0xmnTq9nNhJNGxZK8Xg,Cph Cocktail,Bars  Coffee and Tea  Cafes,1
AQDl14xqvB9bw0CXbbr6_g,Peter Beier Chokolade,Chocolatiers and Shops  Bakeries,3
3hFzKI2RMgfL5A9SqoQKZA,Antons Køkken,Danish  Breakfast and Brunch  Cafes,1
nd3sQ558lwMPKxxaCbEQtA,Café Dalle Valle,Buffets  Cafes  Breakfast and Brunch,1
8HwHXj1qJFL31h5lTOp9MQ,Kaffebaren på Amager,Cafes  Breakfast and Brunch,1
Vhes0atbVlDEkDg653ZHfw,Matcha Bar,Cafes,1
dAOUoUrOWpNz1T_Mt6rpaw,Dons Brød,Bakeries,3
gzo5YqJdj7tOzFMVu_ZYRA,Chaplon Tesalon,Cafes  Tea Rooms,1
b0uHokeDY7GlU6r0OhOQrg,Restaurant Nytorv,Coffee and Tea  Scandinavian,1
ai0qAm6WSOH2YYKNl9QBFA,Parterre,Breakfast and Brunch  Open Sandwiches  Cafes,1
kYHyKpWkw3jjLFk0evJUEA,Henckell,Coffee and Tea  Juice Bars and Smoothies  Cafes,1
82ltR16B4y9bGuuOiZDj-A,Risteriet,Coffee and Tea  Cafes,1
byQFdtQVvU9IfwO5LJxY_Q,Engelbert Petersens Bageri,Bakeries  Patisserie/Cake Shop,3
6XRn5JlxjdS4QlKtno0OpA,Meyers Bageri,Bakeries,3
--bLPwlomL_UuGoPqG6NRA,Bryggens Spisehus,Cafes,1
NLoWaqF9fm0fH1Bsb27Krg,Espresso House,Cafes,1
32mLfSxEZDgNIpShOFaafQ,Baresso,Cafes,1
8X-etrKuBa08Ybp9WT3goA,Restaurant Smör,Cafes,1
_h9FOpRYRUW3fjVIBdf7dQ,The Bagel Co,Bagels  Juice Bars and Smoothies  Cafes,1
Ff2dDJtV_p5lbqXwh8MmCQ,Cafe Bjørg's,Cafes  Sandwiches  Coffee and Tea,1
nl8Iyg4g1Cha8Bkz4q-l3Q,Wild Kiwi Pies,Bakeries,3
xMEamX2nQ7QvuEKKtpTdOA,Mood Food,Cafes  Burgers  Coffee and Tea,1
HIBF2KpTKtDY1Mf6_3WlZQ,Roast Coffee,Coffee Roasteries  Coffee and Tea  Cafes,1
QDTzXl7XaC2S68OVQeeMSA,NOHO café og cocktailbar,Cocktail Bars  Cafes,1
C3dmsa2Wy_cWabYCkAnMhQ,Starbucks,Cafes  Coffee and Tea,1
RdiZmLyiC5J5f20XpRF_rw,42Raw,Juice Bars and Smoothies  Cafes  Breakfast and Brunch,1
6UcRqudsrid-d8O9pit99Q,Woodstock,Coffee and Tea  Dive Bars  Pubs,1
ktKl9KD7rMPqYsUEdnNHtw,Brødflov,Bakeries,3
phR4KAsMUwRucuE6ewtcUA,Kaffekværnen,Coffee and Tea,1
7jac67ESPveYle-m5cgZDA,Conditori & Cafe H.C. Andersen,Bakeries  Sandwiches  Patisserie/Cake Shop,3
JFVpc8VcMoAl7G7vx6NOzw,Monellies,Coffee and Tea  Cafes,1
ygtlekOCuSIBlWOtXGCi1w,Menu Space Café,Cafes,1
lYro1sqZv3S6gvZ-NBQtKQ,Original Coffee Nordhavn,Cafes,1
hTArMBLFPKB5yrIKSglh0g,Shabaz Kaffebar,Coffee and Tea  Cafes,1
RA1Fp5js736zWDaEonuvHg,Bager Bosse,Bakeries  Desserts,3
n9x5MfdRCP2TEQrrI_YAGA,Ehlers Bageri,Bakeries  Patisserie/Cake Shop,3
MWHX_zCUnEZ9BJMdL0EjJA,Emmerys,Bakeries  Specialty Food,3
UcGSl0rzSocfgt6j5JzC4Q,Meyers Bageri,Bakeries,3
i4-BNKLdmc7Q-G9eZ60FsA,Goga's Kaffebar,Cafes,1
16p7zpg60BQGCTW8m7X_LA,Creative Space,Arts and Crafts  Cafes,1
kTsTEbJFimkC0aiBSbp-Pw,Kaffekværnen,Coffee and Tea  Food Trucks,1
sTuXgcAR3wQi04RiDi7VSA,T in the park,Desserts  Coffee and Tea  Cafes,1
5RceTW5mSSHIrz9G3rCSSQ,Vedels Konditori & Bageri,Patisserie/Cake Shop  Bakeries  Sandwiches,3
y8e61m7aZpF6Qs2kgpXXQQ,Den Franske Cafe,Coffee and Tea  Cafes,1
Lko9XI9dMMzfcO7iwKf53g,Emmerys,Bakeries,3
xu-GVpxHCkt_DOEUollxhw,Joe & The Juice,Sandwiches  Coffee and Tea  Juice Bars and Smoothies,0
Ic-F9q3ByKtzhXkGZz5LYg,Shakes & Cakes,Desserts  Juice Bars and Smoothies  Cafes,1
94sNkAnhzwBpc3EIInFf7Q,Salonen,Cultural Center  Cafes,1
FGcdq029gl2pz9VAbmRS9A,Joe & The Juice,Juice Bars and Smoothies  Cafes,1
PLkOGlcyVBHG2WyvS_rOBw,Café Efternøleren,Cafes,1
BY0T5T8dEO0AzcjEkAlKHA,Lille Bakery,Breakfast and Brunch  Bakeries,3
cl7MtuP3dxdyTPVoAwgXOg,Café A,Cafes,1
MG9Dki4M9-ZuJUzeXwVNbw,Apollo Bar,Breakfast and Brunch  Canteen  Cafes,1
zX8pY959_v1vNARSJIncAA,Lagkagehuset,Bakeries  Coffee and Tea  Cafes,1
wn9W-0bLN63VVrsl93b83A,Reinh. Van Hauen,Bakeries,3
mqaxsyMOfzXdL_qN0-SZJQ,Emmerys,Bakeries  Coffee and Tea  Cafes,1
TZZrQCVc8tiAx-mmp_zTeg,Cafe Break,Cafes  Juice Bars and Smoothies,1
mjxVtE83GrSLcmV43T6Eig,Strand Bageri,Bakeries,3
2dzCfJUthCmt1nrp0fJuog,Caffé Mokarico,Coffee and Tea  Cafes,1
FGtscpPQuO3CZb7wxCxeiw,Espresso House,Cafes,1
NOXn5NRdWUtP5xJ88y39Dw,Trekroner Søfort,Cafes  Museums  Landmarks and Historical Buildings,1
MUunkFiMK333b02eKOmZew,Neru,Cafes,1
hRCFxHHz-GbPKg9cUMGZlg,Wulff og Konstali Food Shop,Breakfast and Brunch  Cafes,1
FDmtlwqudmVWNjPJT8MmGg,Original Coffee,Breakfast and Brunch  Cafes,1
k9weMKf5YYNg5Y0i3Sz3bA,Ambassaden & Konsulatet,Cafes  Danish  Open Sandwiches,0
fiRsUCtKMmLyWs4NPtMmyg,Cafe Pelikan,Bars  Cafes  Steakhouses,1
cYBqG7JkAWbtvOfa4NtXbg,Royal Bagel,Coffee and Tea  Bagels  Cafes,1
e4YUq8prWgPEGLK38cMtqg,Kafferiet,Bakeries  Coffee and Tea  Desserts,3
VNSJXmOAMBlS6r2-jDL5tg,Café Sospesso,Cafes  Breakfast and Brunch  Desserts,1
wxOzFhUwvidJRPFkStVdJA,Emmerys,Cafes  Delis  Bakeries  Specialty Food  Coffee and Tea,1
3sji5HUhh0r8fKoXVGGAFg,The Coffee Factory,Cafes  Breakfast and Brunch,1
lfVRDQ11jI1AM2_-kIWVEw,Blue Bike Café,Cafes  Breakfast and Brunch  Sandwiches,1
B7fgPV7Id0l_tXYB1MlrrQ,Cafe Midtown Bar,Hookah Bars  Cocktail Bars  Cafes,1
oXWv80flFjCPIhT-DYU1tA,No 95 En Kaffebar,Breakfast and Brunch  Cafes,1
0D8cVOKRS1Kcb_ztSAoPxA,Le Coin,Cafes,1
vmbVNfCVHuGtKCVZOAsWmQ,Pappa's Pizza & Café,Coffee and Tea  Pizza  Barbeque,1
RV89djkOXfGk3Y0-iIXnPg,Det Vide Hus,Juice Bars and Smoothies  Cafes,1
qZtVLMQ3WKge6szxDUtj8w,Mocca Kaffebar,Cafes  Sandwiches,1
hvdJAy9aM8jTVyoFijuR2Q,Emmerys,Bakeries,3
VrDIXmeFRgyx8LnQiqFLfA,Le Kaff,Coffee and Tea  Bagels  Cafes,1
aR7GDlXFrNVVB91ECzqUSA,Sweet Treat,Coffee and Tea  Breakfast and Brunch  Cafes,1
z-qsEeAKVHRT4QQFRX56mA,Kaffehytten,Coffee and Tea  Cafes,1
jfrtgNsfE_CyqLNHFLg36w,The Union Bar,Bars  Coffee and Tea  Cafes,1
3gBXEcBgoiov0M-S0-NqIg,Original Coffee,Coffee and Tea  Cafes,1
nU8SXAR43jaNJBctdnjXsA,Oderberger Bog & Pladecafé,Coffee and Tea  Vinyl Records  Bookstores,1
l-ZlYA0uBrMbLUR9HOSS7Q,Strand Bageri,Bakeries,3
-DHNAqLKMdHDz63dWZl-bQ,Enigma Kantina,Cafes,1
4pWCg0dHlV1kNfzS302myg,Lauras Bakery,Desserts  Bakeries,3
cH959nJiQ6qYXAXweneHmg,Blue Dot Café,Coffee and Tea  Sandwiches,0
lO0ldNuSmyaOhTwmD4hHxw,Konditori La Glace,Bakeries  Patisserie/Cake Shop,3
ZWLadq6W3e2y84VvjHo2Iw,Det Rene Brød,Bakeries,3
IyQN2So1cC1kY1ZpaDocRw,Big Apple,Sandwiches  Coffee and Tea  Juice Bars and Smoothies,0
KAxYRu7aVPpDc7z-OmLHtQ,Cafe Svejk,Bars  Coffee and Tea  Cafes,1
mseeAF1LP73pXY9z7JlrBA,Is à Bella,Cafes  Desserts  Ice Cream and Frozen Yogurt,1
jjkXzUL0a4IK5tg0hqcqvQ,Cafe Oha,Cafes  Breakfast and Brunch  Juice Bars and Smoothies,1
2hFicXFOIEfXZBr_QoBefw,Café Domhuset,Dive Bars  Cafes,1
l-dxI6jE4CcbPpwz0VKV6Q,Godthåb & Kaffe,Cafes,1
KvwHUdBTY1SkJfMqvi-r-A,SuperBrugsen,Bakeries  Kiosk  Grocery,3
Xsw5d1YgRXxE8wfhqo3ymg,Café Nexus,Bars  Cafes,1
LdjupEZTguDszr2OGyQcvw,Metropolitain,Cafes,1
AWD1yP50PmsT9Cq4RapWTA,La Bonne,Coffee and Tea  Sandwiches  Cafes,1
Tu0HZXUXGb96P_TIbDf2vw,Café Væksthuset,Cafes,1
G7lB52sM0tBUwuepkVdXPw,Maude's,Coffee and Tea  Breakfast and Brunch  Beer  Wine and Spirits,1
0W-LQ1V4zZ5x5WdjAQ9JvQ,Cafe Den Blå Hund,Cafes  Coffee and Tea,1
6j7RoM3vN-0dT0ViPq5SHA,Joe & The Juice,Coffee and Tea  Juice Bars and Smoothies  Sandwiches,0
DFw-WQs3G4LY3uKYL_AGAQ,Blaabjerg & Madsen,Coffee and Tea  Burgers  Juice Bars and Smoothies,0
wVQrGgwDcGBy6LvQiJH6Xw,Allegade 10,Bars  Cafes  Venues and Event Spaces,1
2Hr1KExRI0BAdKCjNtI9-Q,Starbucks,Cafes,1
-QtjG5OSTalI94oiKPNuuQ,Porcelænshaven CBS kantine,Coffee and Tea  Sandwiches  Buffets,0
l4OtD8FFkuijWl_nI2CPFg,Kaffe Lladro,Cafes  Coffee and Tea,1
CsyNdYW4nWLn2weNWnELMg,Bodenhoffs Bageri,Bakeries,3
fTcb0ZX3GoPkgxpRpuyvKw,Café Kaleidoskop,Cafes  Breakfast and Brunch  Coffee and Tea,1
lGHFpfYQVoLwDnRaeBYeew,Cafe Vivaldi,Cafes  International,1
zdl4T1i8rs-lv5hSG9AF9A,Bagels Ringen,Juice Bars and Smoothies  Bagels  Coffee and Tea,1
0KxQNiKLiedwkNwqWYJG7A,Nanis,Hookah Bars  Cafes  Coffee and Tea,1
nvPrjPmomOtATV28T4MnSw,Konsjös,Wine Bars  Cafes,1
_JXzRIe323_wLb1sGbtdrw,Reinh Van Hauen,Bakeries,3
rNHrCDcohLj35w93__cEmA,Emmerys,Bakeries  Coffee and Tea  Breakfast and Brunch,1
8DQeC8rsXkTFq-bsLkrOrw,Original Coffee,Coffee and Tea  Cafes,1
HT7q63r5vv65LdFKrbHCPg,Promenaden,Bars  Cafes  Coffee and Tea,1
dMD9c3uLReT1el-00fNhUg,Risteriet,Cafes,1
wiII1FCVP_8-83jymgD1_Q,Coffee No24,Coffee and Tea  Internet Cafes,1
viFXPB7FskDe2u2Nn_3cPA,Havana,Coffee and Tea  Bars,1
1gQwKeP4xO61VjfhBUXoDA,7-Eleven,Grocery  Convenience Stores  Coffee and Tea,1
JQeNrkSuZeP4w6jBjdo_MA,Cake My Day,Desserts  Bakeries,3
CvQejRIjhHmKzwoJf4ai_A,Olivers Oase,Cafes  Sandwiches  Ice Cream and Frozen Yogurt,1
0fDRz9lC9iwsEu6Mtr2uOA,Munch Coffeeshop and Bakery,Bakeries  Cafes,3
LQEIWY1mhHHp85hpKBuC8Q,Café Phenix,Cafes  Mediterranean,1
GUjdKNYNcvrPqSwRF1zZew,Tamu,Chocolatiers and Shops  Coffee and Tea,1
jGiF_xNAZn98ayPD9Ak7IA,Smallegade Smørrebrødsbar,Cafes,1
ow0uH_AND7DHhuxU-1njqA,Lagkagehuset,Bakeries  Coffee and Tea  Sandwiches,3
9DlVFt_kHlnb3t1_6WvZIQ,Les Deux Amours,Coffee and Tea  Italian  French,1
Y705yWnrUAX5qEvvPl0PfA,Fru Jensens Fristelser,Cafes  Coffee and Tea,1
x1cYF2FUf3B8bPOvEaVvtg,Frb. Allé 45 - Café & Antik,Sandwiches  Breakfast and Brunch  Cafes,1
ZlLT74kmbvSjIvRfHlzDfA,Starbucks,Coffee and Tea  Cafes,1
Rtif0YuZduVXiQlLB-DOzg,Hadis Café,Cafes  Bars  Coffee and Tea,1
ozpvxT-svohZubfxQS8zXA,CoffeeQueen,Juice Bars and Smoothies  Cafes  Breakfast and Brunch,1
OpMziNcrFKtEYxgALm3Q_g,Hubbly Bubbly,Coffee and Tea  Tea Rooms  Juice Bars and Smoothies,1
mY8JIKJHnzbJBnFoEMgHZQ,Impact Roasters,Coffee Roasteries  Cafes,1
H7vnWngQ6k7Dp73Jpj9Xrw,Godthåbskonditoriet,Bakeries  Patisserie/Cake Shop,3
QcO8BhlW0_YFi9yhykSYCw,IceQueen,Ice Cream and Frozen Yogurt  Coffee and Tea  Juice Bars and Smoothies,0
neacr5cYzz5mDcbd6ga7Hg,Te Amo,Tea Rooms,1
W6kTqepL8pNYHRHMgybOfg,Peter Beier Chokolade,Chocolatiers and Shops  Bakeries,3
k17GqXMJWXkY2TOc3gXpUA,Vores Brød,Bakeries,3
zxNcQEAk6R4Xwh9OLOG9Kg,MB Steak House Pizza & Cafe,Steakhouses  Cafes  Pizza,0
4jp0LtYTYKc83jCSqMzCPA,Riccos Kaffebar,Coffee Roasteries  Coffee and Tea,1
DX1lIcLVJa1fO6gSPwaSCA,Holm's Café,Cafes  Breakfast and Brunch,1
vpTuivh1QOUXKGJB5PkMiw,Kaffeværket,Coffee and Tea  Cafes,1
p3R_eceY-_zKRTNQIKV-Qw,Dalgas Have - Copenhagen Business School,Colleges and Universities  Coffee and Tea,1
KJOuKL-Bd7Qg56_P_voJMA,Krumme & Co,Bakeries  Candy Stores,3
nqdkRybAWkoX17TPmy9RzQ,Engelhardt,Bakeries,3
5V6gBZ3y-RzrhRlmPCtH4A,Café På Hjørnet,Dive Bars  Coffee and Tea  Cafes,1
zc72CD34LnHm4NJPik_qgw,Emmerys,Bakeries  Sandwiches,3
9OAiMKxKQqA5g6aJj2z4Jg,Aster,Cafes  Vegan,1
LxjUaWB63OMSr94kF7tkGQ,Café Juicy,Cafes  Sandwiches  Juice Bars and Smoothies,1
SGqE7VmQXLIXRLIZ0w_Cew,Joe & The Juice,Cafes  Sandwiches  Juice Bars and Smoothies,1
EKYOPq2nlchAsLa1aImHMw,Café Grækenlandsvej,Cafes,1
4bzk5S50TVF290eKV9Pjqw,MJ Coffee,Coffee and Tea  Cafes,1
cxTmz837SQlvgguXPabjuQ,Natur Tørst,Cafes  Fruits and Veggies  Juice Bars and Smoothies,1
AHGmCj2GxIqRNDaXoHoOIQ,Cafe Under Elmene,Bars  Coffee and Tea  Cafes,1
vJJ48KAAhyLt9Ibtr_k3EA,Wecycle Copenhagen,Bike Shop  Cafes,1
FgowVeBwCEvZiHxgBRH3cw,Kaffadeli,Coffee and Tea  Cafes,1
q8Zdnyu4l_az04b_nxT38Q,Kafe Kys,Cafes,1
z7oX73b5K7yY2goYHJFelw,Orango Coffee,Cafes,1
yMCVS-JNpreYRzGdIlQESw,Wulff og Konstali Food Shop,Bakeries  Breakfast and Brunch  Cafes,1
8rczEYJFaoieOt0WwvV57w,Forsamlingshuset Operaen,Dive Bars  Coffee and Tea  Music Venues  Restaurants,1
u1O_f6ZScBWnKBIAyXEX8w,Månefiskeren,Coffee and Tea  Cafes,1
yP-S4rZd_63qU9L3KywGfg,Chill-ee,Sandwiches  Cafes,1
qUxZ4QzGLK6GS93WlmGA-Q,Amadeus,Coffee and Tea  Bakeries  Cafes,1
mhCeEn6m6YD-lW-0Zbag6Q,Cafe Oven Vande,Cafes  Coffee and Tea  Beer  Wine and Spirits,1
sfvN2ZYKRp5pd8VwncGA2A,ReTREAT,Cafes,1
JHGJVo2jNoaISbD9AOy0Dw,Café Blå Time,Cafes  Coffee and Tea,1
MniAPQJoFtnmpb-3216bYQ,Tak For Kaffe,Cafes,1
Obi4FxA_33AQI4GjJgr74Q,No. 11,Cafes,1
e-61Zm0tMWlrrdCjXlHkLg,The Corner at 108,Bakeries  Cafes,3
XHoalSAZbz018nuCfPtBIw,Luftkastellet Ophelia,Bars  Cafes  Music Venues,1
FQV_vLM8-BxyL2isS20hrA,Cub Coffee Bar,Coffee and Tea  Coffee Roasteries,1
nrKSLgD2lXI8K-qjoI7bng,The Nomad and the Bean,Cafes  Coffee Roasteries,1
Ry-RC5DDu9Ql62SIMD6uoA,Kaf' Bar 9,Coffee and Tea  Cafes  Sandwiches,1
RLHupnMALQc0sLXVryge1Q,Kafferiet,Coffee and Tea  Cafes,1
j9vqKsKTueVWTUA5aud3Ew,K96,Salad  Coffee and Tea  Sandwiches,0
ERLaIS0C20_Ov55JUBI4YQ,Analog,Cafes,1
_0ZR-E6fFBI3togPFBgzCA,Dessertdragens Kageværksted,Bakeries  Desserts,3
DWHWrI-alm85EHXJYYAoqg,Lagkagehuset,Bakeries,3
pmvk-FYYpIF3XVzpDPhKDA,Cafe Leo,Cafes  Italian,1
LJELklcFTsfSzW-IxUua7w,Espresso House,Cafes,1
NKRNgRG6LnPCSXsA9W57OQ,Kontiki Bar,Coffee and Tea  Cafes,1
cyTbsCml0nPhjBnE5p6B8w,Kafferiet,Cafes,1
YZaxKxpkOLQMi-P8ccVKrA,The Packhouse,Cafes  Breakfast and Brunch,1
ccuDhSdGU3hfP5p3DMCHAw,Silver Streak Coffee Club,Cafes,1
tfY6Ho3rO9KyQDZId2UAFQ,Sofie Kælderen,Jazz and Blues  Dive Bars  Cafes,1
6CGmp9Yk8brpIGPWU5r7PA,Holm's Bager,Bakeries,3
mW4xlK8PqI1QuIyZBYOdzQ,Hoppes Café & Bar,Cafes  Cocktail Bars,1
D9GzTfjYwZedreREtS_Ceg,Café Spicy Kitchen,Indian  Pakistani  Cafes,1
bFBXHU9ntmW8oZxm5srrJw,Sunshine Bakery,Bakeries  Convenience Stores,3
-RuT5X850z3Okv2Yuia6zQ,Frenchy,French  Cafes  Breakfast and Brunch,1
MbPtrcP82IT7icSFtjBliQ,Coffee Room,Coffee and Tea  Breakfast and Brunch  Cafes,1
nTOXagqj9qOmekBKCJTkNQ,Joe & The Juice,Juice Bars and Smoothies  Cafes,1
GSl-inRBRlaZP7Olcn-PKQ,Café Victor,Bars  Cafes  Coffee and Tea,1
jOR99-hN2Kp5RnY0Ktr8Qg,Krôyers,Cafes,1
NUs_YVTTto34EgBQcinuZg,Resso Espressobar,Coffee and Tea  Cafes,1
ulUw8KJwkB0K_36lHVSMXQ,Happy Cup,Desserts  Coffee and Tea  Ice Cream and Frozen Yogurt,1
ViNb6YlPi4gumKz7lY9v3Q,Joe & The Juice,Cafes  Juice Bars and Smoothies,1
H7Uh33foR--F7EdZ88JyoQ,Meyers Deli,Cafes  Delis  Bakeries,3
dfn3AJv20bv_gK4NqagC_Q,Marble Church Café,Cafes  Juice Bars and Smoothies  Breakfast and Brunch,1
tlZBn_QmD6q_dwLOR-_faQ,Espresso House,Cafes,1
Y5iGYyaL1XkAvbv1nodvyw,Cafe Europa 1989,Cafes  Coffee and Tea  Bars,1
4ElB-qBWytF-mDzL8RQdKA,Kompa'9,Breakfast and Brunch  Cafes,1
vox1A9-xVbxTm-5fs_pF7Q,Café G,Cafes  Modern European  Breakfast and Brunch,1
sPg-ri76kcnoAohx5XYZlQ,Cafe Rabes Have,Danish  Cafes,1
oIIXJgtP23of0HsYZ8dDzw,Nespresso,Coffee and Tea  Cafes,1
jlrm_wj5-NHbRS_fmfxECw,Studenterhuset,Arts and Entertainment  Cafes  Bars,1
e1Ajai24UAt2VUIQ51GifA,Joe & The Juice,Sandwiches  Coffee and Tea  Juice Bars and Smoothies,0
Z-AKriWA40P6X6UbbLNFDA,Café Paris,Breakfast and Brunch  Bagels  Cafes,1
o85kK2jYE8ILADGBif6Ckw,August B,Cafes,1
qByXgaN_64t8Xfug601rmQ,Zalt,Breakfast and Brunch  Cafes,1
E7Ojuaps7fl1aQ445A_58Q,Cafe Dalle Valle,Cafes  Breakfast and Brunch  Buffets,1
7Lyomq5QTfmTIeRupCchcw,Cafe Ørstrup,Open Sandwiches  Coffee and Tea  Danish,0
TD4f52PTWIrCOyBYzA2xbA,Alice Ice Cream & Coffee,Coffee and Tea  Ice Cream and Frozen Yogurt,1
g63fypAg_MyAUe2uLQ4Vjw,Toldbodens Juice og Grønt,Salad  Cafes  Juice Bars and Smoothies,1
_N3FGrtmFwbm7JYGb_nGEA,Riccos Kaffebar,Cafes  Coffee and Tea,1
bEdvvXGhswlw235sN0Purw,Holm's Bager,Cafes  Bakeries  Coffee and Tea,1
iXurgM1VAO8eRfMCBdk39g,Rooty,Cafes,1
bV1M3GCyjRKUbjcCreWHJQ,Vigerslev Kro,Coffee and Tea  Real Estate,1
sx_n7TMcwYNxGEob7eGXlQ,Dream Team Valby,Bakeries,3
3ijMLE1Y9FIfTcaJplLwMw,Café Phenix,Cafes  Coffee and Tea  Bars,1
cFWdz895qQBj2rJCqkLG0Q,Impact Roasters,Cafes  Coffee Roasteries,1
d3JDZGjhUucaEgzCTibTtQ,Coffi,Cafes,1
NudfkqjAdZP1A3W8HhOSOQ,Coffee Empire,Juice Bars and Smoothies  Cafes,1
HCbJgXir67HdLc4meCOhQQ,Joe & the Juice,Sandwiches  Coffee and Tea  Juice Bars and Smoothies,0
h9e2ncEIoGhwHxWX75pGkw,Alle'konditoriet,Bakeries,3
afAgESTj4NtyyR-9aMys_A,Cafe Ciré,Bars  Cafes  Coffee and Tea,1
LoAdCCrtKAwHwxCVrbMG7g,Musik Conditoriet,Patisserie/Cake Shop  Coffee and Tea  Bakeries,3
V3kc4zqGG65LV339CNXZWg,Café Emil,Cafes  Burgers  Mexican,1
BzTDdvgQEMgEHRA22V62NA,Mosters Te & Kage,Cafes  Tea Rooms,1
AuHUsoaRQlOz7Cvd0U6LNA,Emmerys,Bakeries,3
CNNfP__tWZ2LVaKTL02iQg,Midt Cafe & Restaurant,Burgers  Breakfast and Brunch  Cafes,1
mksUQDXbyO4f-SHonEPRUg,Cafe Asta Hotel Fy og Bi,Hotels  Cafes  Beer  Wine and Spirits,1
_oOd35cRGfePVKq69_BI0g,Cafe Sommerfuglen,Coffee and Tea  Lounges  Cafes,1
db5SVUL3VEQ68d5pJsl9JQ,Rallys,Cafes  Sandwiches  Breakfast and Brunch,1
wBgpyrmIthFlVGQcCNHUxQ,Kazims,Coffee and Tea  Cafes,1
7RKvzV6pbq6-aLrzBx5Aag,ristorante avanti,Cafes  Italian  Coffee and Tea,1
sXqqSkhPV04xq3vTSYwMOg,Cafe Casual,Cafes  Hookah Bars,1
fAka1B4S0r8AHb_q-pdSjw,Mæt Café,Cafes  Coffee and Tea,1
YzzRXKVca5aHOar4z7nhhg,Lantz Food,Bakeries  Restaurants,3
MzmjewhpawKQ5nsxUegeDQ,Lisa Jensen,Bakeries,3
2SXoMdnz4bkLv4OATAq9tg,Bagerdygtigt Valby,Bakeries,3
eBTPUoV-elrEQQeeJfo4qg,COFFI Cph,Cafes,1
xH_BfB_uDmV2Nq9gYj_uvA,Valby Kulturhus,Coffee and Tea  Cafes,1
MbwsRljNqbdnuvGXvVAUfw,Lulus Kaffebar,Cafes  Danish,1
5T2lbJ3VMB_dxdGGqtMALw,Espresso House,Cafes,1
qk4TlAYKfJJs-lvILR4nmw,Lifli Konfekture,Bakeries,3
6QTgzfLsFM-swtOoF0mIOA,Cafe Cunst,Coffee and Tea  Cafes,1
4VuRZcqGQnNmGT4yw81-Mw,Lagkagehuset,Bakeries,3
ZpF4Rz8eCaVOvXcEfV_pTA,Gimme Coffee,Cafes  Coffee and Tea,1
vkDyVuU6vtK-Fp2WXPWvoA,Cafe Phister,Cafes,1
GVAQJiW9IQE3-f9tE5rEzw,Café Staalvand,Cafes  Coffee and Tea  Sandwiches,1
d2gH5QDNgh-lHKqBRWMYrQ,Det lille fællesskab,Cafes  Coffee and Tea,1
SNCiFLHQEQobqlJoOtlLnA,Espresso House,Cafes  Coffee and Tea,1
jMOt11Z24DKqgJXanbj3AQ,Bodenhoffs Bageri,Bakeries,3
YO9w7kNSYdtuQawX7t_l_w,Kirstens Konditori,Bakeries  Patisserie/Cake Shop,3
rR6iAdZB932_7cFPKeU9xQ,Grannys House,Breakfast and Brunch  Bakeries,3
-ZQibCaQBte3EJWry1pXKA,Café Juicy,Juice Bars and Smoothies  Coffee and Tea  Sandwiches,0
FvUnTkHx4hGPCc7m67Kj_w,Basement BB,Cafes  Coffee and Tea,1
AbtCBf_NsqqHzN8LerIOFg,Café Risico,Cafes,1
1VFk2O2lNCb9UjmstMc7Tw,Renards Bageri og Konditori,Bakeries  Patisserie/Cake Shop,3
SYkjYU8DMBtYa9dJ-wtyQA,Kaffekontoret,Cafes  Sandwiches,1
IJBIcfag93lPFAiDGvLuCw,Ipsens Kaffebar,Open Sandwiches  Danish  Coffee and Tea,0
Z4hOKEZiZf5DS-vMwEXQUQ,Café Pilos,Cafes  Breakfast and Brunch  Sandwiches,1
fSlBRJfrqvBzT5M7gchuTA,Fovl,Cafes,1
-nr91V0zZ-Ys48YDXpICXg,Provstevej 10,Coffee and Tea,1
Za9RXi5N7zQAx7IJ94auww,Café Fik-Ret,Turkish  Cafes  Buffets,1
F6-8D4l71TvpqqJxDe3ldg,Super Kebab,Coffee and Tea  Cafes,1
nyrHeMSUgOtw8t50yA8zlA,"Sorte Gryde, Den",Coffee and Tea  Cafes,1
vz7YXo8rh7oGeXGtm2Ui8w,Cafe Nostalgia,Cafes,1
PHyKCWn82HNQFWEk-WP8Ag,Mulles Thehus,Coffee and Tea Supplies  Coffee and Tea,1
NyZEufXSH65mxZJHKvRMLQ,Vibe & Tone,Cafes,1
GprzonOUYd53un42yYNtYQ,Kaffe K,Coffee and Tea  Cafes,1
isd4ePLJBufcnJtevzZjew,Café Zakanda,Cafes,1
LF7HwHeNzZve41gVxuq-Qw,Café Engelhardt,Cafes  Coffee and Tea,1
hP9waDws3WirhiW0C0Ztsg,Carlsro Bageri,Bakeries,3
lkcK99hj5xuf4arw1O11eg,Søborg Kaffehus,Cafes,1
w3QdgESjsbs_-RN2HhPAMg,Bageriet Sløjfen,Bakeries,3
eFylJ1C5m6vljba29MPbbg,Bagermester Erling Jakobsen,Bakeries,3
EUeUpfKy-tVlRiG_AtKPsg,Bagerhjørnet,Bakeries,3
OSD8Oy-Ubg7KUlT0eifcbg,Brønshøj Is,Bakeries,3
vW9ijnSplE4a6P7lOK8YCQ,Café Montenegro,Cafes  Dive Bars  Coffee and Tea,1
JBPrFW6qK7BpnYsx-kw7fA,Kaffebaren Ålekistevej,Coffee and Tea  Bars  Cafes,1
Di6QS-BUnbg580cLqSlOog,Kræmmercaféen,Cafes,1
r7a8S5ShyrNqi_tatYviEg,Ørnebageriet,Bakeries,3
ba2eTMZlG73QswQgKMyrpQ,Brød Værten,Bakeries,3
o36pcqoW9QnF0CKg4c07dw,Bagermester Erik Johansen,Bakeries,3
3Pco2yzyZ2uZOkiWfQcwqA,French Chicken,Salad  Cafes  Sandwiches,0
YgTKgzsIWLF_I4vh3c_bRQ,Damhuskanten,Bakeries  Coffee and Tea  Cafes,1
G7S_FtN4Xfsu4zF3lEBrWA,Cafe Ristet Rug,Cafes  Sandwiches  Open Sandwiches,0
XjUgk3K-rv5ps7pFEV_WpA,Khorn,Bakeries,3
6r-UIDNsnex1E-GsQlNilg,Beta Boulders,Climbing  Yoga  Cafes,1
v1oDJdUby3aQtK05aCYRiA,Kvickly,Grocery  Bakeries  Coffee and Tea,3
2G5QfExB-VOy-2ncTEKARQ,Spise/Bar nr. 15,Cafes  Breakfast and Brunch,1
1EooZfm0mYEVRdyXhJ6RCA,Miklagaard Cafe,Cafes  Bakeries,3
YObScEfFy3D_r10uaRBj9Q,Vagns Konditori,Bakeries  Patisserie/Cake Shop  Cafes,3
Zba6u7tz3Hpk1xxNkxJQBQ,Cafe Palmen,Coffee and Tea  Cafes,1
a7b1A5ANP2MxDEniP4_iPg,Kaféen,Coffee and Tea  Cafes,1
mXZQVNqrhozbV3DtV3XlcQ,Grannys House,Bakeries,3
TTu7zDylBxZPoejscwpOQg,Heimdalsgade22,Cafes,1
gwm72GntC6zieUWG13wMhw,Lagkagehuset,Cafeteria  Coffee and Tea  Bakeries,1
lZuvpYXip9kmKrZQ-c2tyw,King of el Manakish,Bakeries,3
mwXSE_K4DsL4fstOneCqzA,Pain D'or,Bakeries,3
K_OwPxqrUogeS8ZScZ39Bg,Cafe Cubanito,Coffee and Tea  Cafes,1
6_TbfMc_oa5osVwd5a2r5Q,Jørgens Konditori,Bakeries,3
eWlPIAgq-RztxE3I_UZ_2Q,Iqbal Kiosk,Bakeries,3
nBaygFqcvZY4hL6_ycG4dw,Finn Førgaard,Bakeries,3
T9RX4htnebXyX_N29xqWDQ,Cafe Under Elmene,Coffee and Tea  Cafes,1
OYmAR7jQM9xohsCRDowDww,Pappas Pizza & Cafe,Cafes  Pizza,1
4bnHHIF9ifiZOqFxvacbsA,Din Håndværksbager,Bakeries,3
M0hwMRb-aW3C4Vfcm6gd6w,Taffelbays Konditorier,Bakeries  Patisserie/Cake Shop,3
MJThD1swmsr6RTpBrHASrg,Royal Park,Coffee and Tea  Cafes,1
WPHF6zgKaLVoRrnsZyq7aw,Coco Clementine,Cafes  Scandinavian,1
b4Hgciz27QSnAnD03Xfhgw,Charity Bakery,Bakeries  Desserts,3
EzfZ35vmVg0nLCNJT7zp1Q,A/S Detaillas,Bakeries,3
2nvW851rPJxvfQRq3Q7UPA,Kjeldsmark Retail,Bakeries,3
MOT0v_aDZrO_xeHXifuExQ,King Chicken,Coffee and Tea  Fast Food  Cafes,1
UlprCauDhZZq3dk9thq2SQ,Café Parken,Coffee and Tea  Cafes,1
luSqdUkT5pwq8NEON4x3ew,Cafe Butterfly,Cafes,1
yqb5dkld8qs3DiRL3-8Yqw,Heimdals Genbrug,Junk Removal and Hauling  Thrift Stores  Cafes,1
fZDT9Sm1n7ARWaw0sjREfw,Casa Kok & Catering,Coffee and Tea  Cafes,1
DDZOIqHVDuW7auyVm_wo3A,Café Plenum,Coffee and Tea  Cafes,1
pHkinWi_85lGwiKgejbhwA,Cafe Piccolo,Coffee and Tea  Cafes,1
M_pgAEq3vC28aZE6eTeDBw,Kaffebroen,Cafes,1
MwjcqrzkYYbsNjIqgFZ2lA,Destilleriet,Bars  Coffee and Tea  Cafes,1
bL-dp7qoDm3C0hu9F94j3A,Kaffebar Asmara,Cafes,1
DZBFQWFYJ9Z9hgDSMf7ELA,Cafe Lunden,Coffee and Tea  Cafes,1
2hbDOpf3baax5Oz_nqYt9A,ring Cafeen,Coffee and Tea  Cafes,1
T1O4p0i1Xs8s9o28TTjBDg,Cafe Paraplyen Frederiksberg,Coffee and Tea  Health and Medical,1
8ehayI9I0mTkH1OAhDt7Bw,Schous Bageri,Bakeries,3
QryWO1ndhUEOAIvmJ39HLw,Veloropa,Coffee and Tea  Bikes,1
5w1ql5dqL1zAZzVIUnpafg,Pain D or Bageri,Bakeries,3
eBf7LiABq5dcHhvFqj_reg,Saray Pastanesi,Bakeries,3
32zCbV9OM7T23JlFjXLO4g,Unik Bageren,Bakeries,3
iZS5QPFj54YF3XbqYzFFBA,Bondebageriet I Gladsaxe,Bakeries,3
Rp9AEJZVeaZfPi-xcFDu0Q,Mejeriudsalg,Bakeries,3
doz6YW7yko5Vwgo9ir-aGQ,Kaffesalonen Stefan,Coffee and Tea  Cafes,1
iVI0cfpB-8GeYuVvZXSs2A,Damn Good Coffee,Coffee and Tea  Breakfast and Brunch,1
3lzlK574898ixwJDFDsTiQ,Coffee and Juice,Cafes  Coffee and Tea,1
3QCoJ_wH8sscQGagtgVUjA,Brødudsalg,Bakeries,3
tbKRHI3ZppdiihQsU9nSLg,Joe & The Juice,Coffee and Tea  Juice Bars and Smoothies  Cafes,1
nJ13y2TL3jq5PEKpAPlg0g,Det Nye Bageri,Bakeries  Desserts,3
IdVyHWY1WbxUJzHFU2g1tw,Pandekagevognen,Bakeries,3
XZdXm0D9znh1B292LJ0RWw,Vanløse Brødhus,Bakeries,3
LkRsrbEdSe3NvI5f88NFHw,Cafe Exotic,Coffee and Tea  Cafes,1
tV16OUAdDKDsYTV9FtWTQg,Cafe Francke,Coffee and Tea  Cafes,1
IfiJ41gecmEVRCeEISuKEw,Emdruplund Kaffe Risteri,Coffee and Tea  Grocery  Cafes,1
whBMQuUNvwKPHMcrKtacRA,Parcel-Konditoriet,Bakeries,3
MwgNooAK4cli4RDetexgDw,Vanløse Kulturhuse Cafe,Coffee and Tea  Cafes,1
BVUJo31v5MapsQ6fld5lew,La Parisienne,Desserts  Cafes  Patisserie/Cake Shop,1
51X7Uu_XlKPMWEGltgErQQ,Sportscafeen I Gladsaxe Sportscenter,Coffee and Tea  Cafes,1
F5PFzMLkruG9yhmdHuxqDQ,Cafe Kif Kif,Cafes  Coffee and Tea,1
G_I39aEcCrL2MG57AhWEeA,Exclusive Pastries,Bakeries,3
y19wxfSxsNyTh0DryIDx5w,Aladdin Bageri,Bakeries,3
LyMv5W2S1xoeEWuU4Fvqvg,Pariser Konditoriet,Bakeries,3
RoafHrvMs9H_WEd_CvYyBQ,Morgenkompagniet,Bakeries,3
z52J_YidPtj6LLxefefImA,Byens Bager og Konditor,Bakeries,3
8vLeF6dWM1VvJJi8V1dlAA,Café Engelbrekt,Coffee and Tea  Cafes,1
5r_d5mEgZOo2X_dlF6oL8w,Taffelbays Konditorier,Bakeries  Patisserie/Cake Shop,3
YBsQdX-w6m2FZsGUR-feIA,Sangsvanen Restaurant & Café,Cafes  Coffee and Tea,1
1Qm0Js3dGKvxsI46MBO3rA,Café Dams,Coffee and Tea  Cafes,1
Cauw1oneLstShoevKFgR6w,Terroiristen,Coffee and Tea  Cafes,1
4BZEgamQf-5asxkrt9Lauw,Netværkscaféen,Cafes  Coffee and Tea,1
HJhYP_lT8WTW-aBKgb0b4Q,Cafe Diverso,Coffee and Tea  Cafes,1
hox0Pz0Sxft1bq0YROusYQ,Holm's Bager,Bakeries,3
0U0U1epteaGv9lEECbyEPA,Stop n Shop,Bakeries,3
